,coordinates,tagger,placemark_num,location,country,terrain,image_path,Reviewed,extra_features_list,Rivermouth,Bay,Wave Pattern
0,"(32.22855629832505, -116.9234467023862)",Gilad, Gilad_001,"Caseta de vigilancia, Calle Mar De Los Erisos, Cantamar, Primo Tapia, Municipio de Playas de Rosarito, Baja California, 22740, México",México,Unknown,map_snapshot_ Gilad_001.png,1,,0,0,0
1,"(32.20238866696115, -116.9139428948928)",Gilad, Gilad_002,"Mision de San Diego, Mision Viejo, Primo Tapia, Municipio de Playas de Rosarito, Baja California, 22744, México",México,Unknown,map_snapshot_ Gilad_002.png,1,,0,0,0
2,"(32.18326958506614, -116.9099017074971)",Gilad, Gilad_003,"Calle Chapala, Municipio de Playas de Rosarito, Baja California, 22744, México",México,Unknown,map_snapshot_ Gilad_003.png,1,,0,0,0
3,"(30.54467815330961, -9.726458682969735)",Alon,alon 1,"Anchor Point, RN1, Taghazout ⵜⴰⵖⴰⵣⵓⵜ تغازوت, caïdat de Taghazout, cercle d'Agadir-Atlantique, Préfecture d'Agadir Ida-Outanane ⵍⵄⴰⵎⴰⵍⴰ ⵏ ⴰⴳⴰⴷⵉⵔ ⵉⴷⴰ ⵡⵜⴰⵏⴰⵏ عمالة أكادير إدا وتنان, Souss-Massa ⵙⵓⵙⵙ-ⵎⴰⵙⵙⴰ سوس-ماسة, 80022, Maroc ⵍⵎⵖⵔⵉⴱ المغرب",Marraco,Desert,map_snapshot_alon 1.png,1,"['Wave Pattern', 'Bay']",0,1,1
4,"(29.88665941651898, -9.78552918565589)",Alon,alon 10,Maroc ⵍⵎⵖⵔⵉⴱ المغرب,Marraco,Desert,map_snapshot_alon 10.png,1,,0,0,0
5,"(13.15221930121662, -87.8974559156192)",Alon,alon 100,"El Jaguey, Municipio de La Unión, Departamento de La Unión, El Salvador",El Salvador,Tropical,map_snapshot_alon 100.png,1,,0,0,0
6,"(30.55075092026363, -9.739949610116094)",Alon,alon 11,"RN1, Azazoul ⴰⵣⵔⵡⴰⵍ أزروال, Taghazout ⵜⴰⵖⴰⵣⵓⵜ تغازوت, caïdat de Taghazout, cercle d'Agadir-Atlantique, Préfecture d'Agadir Ida-Outanane ⵍⵄⴰⵎⴰⵍⴰ ⵏ ⴰⴳⴰⴷⵉⵔ ⵉⴷⴰ ⵡⵜⴰⵏⴰⵏ عمالة أكادير إدا وتنان, Souss-Massa ⵙⵓⵙⵙ-ⵎⴰⵙⵙⴰ سوس-ماسة, 80022, Maroc ⵍⵎⵖⵔⵉⴱ المغرب",Marraco,Desert,map_snapshot_alon 11.png,1,"['Wave Pattern', 'Bay']",0,1,1
7,"(13.1601620851624, -88.22059984422381)",Alon,alon 12 good,El Salvador,El Salvador,Tropical,map_snapshot_alon 12 good.png,1,,0,0,0
8,"(29.88255664270091, -9.784422712655008)",Alon,alon 13 good,"Lfid الفيض, Aglou اثنين أغلو, caïdat d'Aglou قيادة أغلو, Cercle de Tiznit دائرة تزنيت, Province de Tiznit ⵜⴰⵙⴳⴰ ⵏ ⵜⵉⵣⵏⵉⵜ إقليم تزنيت, Souss-Massa ⵙⵓⵙⵙ-ⵎⴰⵙⵙⴰ سوس-ماسة, Maroc ⵍⵎⵖⵔⵉⴱ المغرب",Marraco,Desert,map_snapshot_alon 13 good.png,1,,0,0,0
9,"(30.64157322127959, -9.889679155141941)",Alon,alon 14,"RN1, Borj Daou ⴱⵓⵔⵊ ⴷⴰⵡ برج الضو, Tamri ⵜⴰⵎⵔⵉ تامري, caïdat de Tamri, cercle d'Agadir-Atlantique, Préfecture d'Agadir Ida-Outanane ⵍⵄⴰⵎⴰⵍⴰ ⵏ ⴰⴳⴰⴷⵉⵔ ⵉⴷⴰ ⵡⵜⴰⵏⴰⵏ عمالة أكادير إدا وتنان, Souss-Massa ⵙⵓⵙⵙ-ⵎⴰⵙⵙⴰ سوس-ماسة, 80502, Maroc ⵍⵎⵖⵔⵉⴱ المغرب",Marraco,Desert,map_snapshot_alon 14.png,1,"['Wave Pattern', 'Bay']",0,1,1
10,"(29.5831342107271, -10.04800359279986)",Alon,alon 15,"Great photos here, RR104, Mirleft ⵎⵉⵔⵍⴼⵜ ميرلفت, caïdat de Mirleft قيادة ميرلفت, Cercle d'Ifni دائرة إفني, Province de Sidi Ifni ⵜⴰⵙⴳⴰ ⵏ ⵙⵉⴷⵉ ⵉⴼⵏⵉ إقليم سيدي إفني, Guelmim-Oued Noun ⵜⴰⵙⴳⴰ-ⵡⴰⴷ ⵏⵓⵏ كلميم وادي نون, 85352, Maroc ⵍⵎⵖⵔⵉⴱ المغرب",Marraco,Desert,map_snapshot_alon 15.png,1,['Wave Pattern'],0,0,1
11,"(30.65586971630956, -9.886578313462085)",Alon,alon 16,"RN1, Borj Daou ⴱⵓⵔⵊ ⴷⴰⵡ برج الضو, Tamri ⵜⴰⵎⵔⵉ تامري, caïdat de Tamri, cercle d'Agadir-Atlantique, Préfecture d'Agadir Ida-Outanane ⵍⵄⴰⵎⴰⵍⴰ ⵏ ⴰⴳⴰⴷⵉⵔ ⵉⴷⴰ ⵡⵜⴰⵏⴰⵏ عمالة أكادير إدا وتنان, Souss-Massa ⵙⵓⵙⵙ-ⵎⴰⵙⵙⴰ سوس-ماسة, 80502, Maroc ⵍⵎⵖⵔⵉⴱ المغرب",Marraco,Desert,map_snapshot_alon 16.png,1,['Wave Pattern'],0,0,1
12,"(29.56987860675954, -10.05365976848862)",Alon,alon 17,"RR104, Id Bouchini ⵉⴷ ⴱⵓⵛⵏⵏⵉ إدبوشني, Aguni ⴰⴳⵓⵏⵉ أكوني, Mirleft ⵎⵉⵔⵍⴼⵜ ميرلفت, caïdat de Mirleft قيادة ميرلفت, Cercle d'Ifni دائرة إفني, Province de Sidi Ifni ⵜⴰⵙⴳⴰ ⵏ ⵙⵉⴷⵉ ⵉⴼⵏⵉ إقليم سيدي إفني, Guelmim-Oued Noun ⵜⴰⵙⴳⴰ-ⵡⴰⴷ ⵏⵓⵏ كلميم وادي نون, 85352, Maroc ⵍⵎⵖⵔⵉⴱ المغرب",Marraco,Desert,map_snapshot_alon 17.png,1,,0,0,0
13,"(30.66726742996162, -9.884851050668932)",Alon,alon 18,"RN1, Borj Daou ⴱⵓⵔⵊ ⴷⴰⵡ برج الضو, Tamri ⵜⴰⵎⵔⵉ تامري, caïdat de Tamri, cercle d'Agadir-Atlantique, Préfecture d'Agadir Ida-Outanane ⵍⵄⴰⵎⴰⵍⴰ ⵏ ⴰⴳⴰⴷⵉⵔ ⵉⴷⴰ ⵡⵜⴰⵏⴰⵏ عمالة أكادير إدا وتنان, Souss-Massa ⵙⵓⵙⵙ-ⵎⴰⵙⵙⴰ سوس-ماسة, 80502, Maroc ⵍⵎⵖⵔⵉⴱ المغرب",Marraco,Desert,map_snapshot_alon 18.png,1,['Wave Pattern'],0,0,1
14,"(29.42559978343089, -10.13753581258918)",Alon,alon 19,"RR104, Mirleft ⵎⵉⵔⵍⴼⵜ ميرلفت, caïdat de Mirleft قيادة ميرلفت, Cercle d'Ifni دائرة إفني, Province de Sidi Ifni ⵜⴰⵙⴳⴰ ⵏ ⵙⵉⴷⵉ ⵉⴼⵏⵉ إقليم سيدي إفني, Guelmim-Oued Noun ⵜⴰⵙⴳⴰ-ⵡⴰⴷ ⵏⵓⵏ كلميم وادي نون, 85202, Maroc ⵍⵎⵖⵔⵉⴱ المغرب",Marraco,Desert,map_snapshot_alon 19.png,1,,0,0,0
15,"(30.50748546107805, -9.687649330660562)",Alon,alon 2,"Restaurant Aicha, Corniche Taghazout, Tamraght ⵜⴰⵎⵔⴰⵖⵜ تامراغت, Aourir ⴰⵡⵔⵉⵔ أورير, caïdat d'Aourir, cercle d'Agadir-Atlantique, Préfecture d'Agadir Ida-Outanane ⵍⵄⴰⵎⴰⵍⴰ ⵏ ⴰⴳⴰⴷⵉⵔ ⵉⴷⴰ ⵡⵜⴰⵏⴰⵏ عمالة أكادير إدا وتنان, Souss-Massa ⵙⵓⵙⵙ-ⵎⴰⵙⵙⴰ سوس-ماسة, 80750, Maroc ⵍⵎⵖⵔⵉⴱ المغرب",Marraco,Desert,map_snapshot_alon 2.png,1,,0,0,0
16,"(29.42393179483302, -10.13905326834529)",Alon,alon 20,"RR104, Mirleft ⵎⵉⵔⵍⴼⵜ ميرلفت, caïdat de Mirleft قيادة ميرلفت, Cercle d'Ifni دائرة إفني, Province de Sidi Ifni ⵜⴰⵙⴳⴰ ⵏ ⵙⵉⴷⵉ ⵉⴼⵏⵉ إقليم سيدي إفني, Guelmim-Oued Noun ⵜⴰⵙⴳⴰ-ⵡⴰⴷ ⵏⵓⵏ كلميم وادي نون, 85202, Maroc ⵍⵎⵖⵔⵉⴱ المغرب",Marraco,Desert,map_snapshot_alon 20.png,1,,0,0,0
17,"(30.68284663627034, -9.87957780070894)",Alon,alon 21,"RN1, Borj Daou ⴱⵓⵔⵊ ⴷⴰⵡ برج الضو, Tamri ⵜⴰⵎⵔⵉ تامري, caïdat de Tamri, cercle d'Agadir-Atlantique, Préfecture d'Agadir Ida-Outanane ⵍⵄⴰⵎⴰⵍⴰ ⵏ ⴰⴳⴰⴷⵉⵔ ⵉⴷⴰ ⵡⵜⴰⵏⴰⵏ عمالة أكادير إدا وتنان, Souss-Massa ⵙⵓⵙⵙ-ⵎⴰⵙⵙⴰ سوس-ماسة, 80502, Maroc ⵍⵎⵖⵔⵉⴱ المغرب",Marraco,Desert,map_snapshot_alon 21.png,1,['Wave Pattern'],0,0,1
18,"(29.14040255906993, -10.41058730707414)",Alon,alon 22 good,"Foum Assaka ⴼⵯⵎⵎ ⴰⵚⴰⴽⴰ فم أساكا, Sbouya اسبوية, caïdat de Mesti, Cercle d'Ifni دائرة إفني, Province de Sidi Ifni ⵜⴰⵙⴳⴰ ⵏ ⵙⵉⴷⵉ ⵉⴼⵏⵉ إقليم سيدي إفني, Guelmim-Oued Noun ⵜⴰⵙⴳⴰ-ⵡⴰⴷ ⵏⵓⵏ كلميم وادي نون, Maroc ⵍⵎⵖⵔⵉⴱ المغرب",Marraco,Desert,map_snapshot_alon 22 good.png,1,['Wave Pattern'],0,0,1
19,"(28.96332975723945, -10.61747099982379)",Alon,alon 23 good,"Echatea El Abied ⴰⴼⵜⴰⵙ ⴰⵎⵍⵍⴰⵍ الشاطئ الأبيض, Echatea El Abied الشاطئ الأبيض, caïdat d'Echatea El Abied, Cercle de Laqsabi دائرة القصابي, Province de Guelmim ⵜⴰⵙⴳⴰ ⵏ ⴳⵍⵎⵉⵎ إقليم كلميم, Guelmim-Oued Noun ⵜⴰⵙⴳⴰ-ⵡⴰⴷ ⵏⵓⵏ كلميم وادي نون, Maroc ⵍⵎⵖⵔⵉⴱ المغرب",Marraco,Desert,map_snapshot_alon 23 good.png,1,,0,0,0
20,"(30.71331684149061, -9.858167952654078)",Alon,alon 24,"RN1, Borj Daou ⴱⵓⵔⵊ ⴷⴰⵡ برج الضو, Tamri ⵜⴰⵎⵔⵉ تامري, caïdat de Tamri, cercle d'Agadir-Atlantique, Préfecture d'Agadir Ida-Outanane ⵍⵄⴰⵎⴰⵍⴰ ⵏ ⴰⴳⴰⴷⵉⵔ ⵉⴷⴰ ⵡⵜⴰⵏⴰⵏ عمالة أكادير إدا وتنان, Souss-Massa ⵙⵓⵙⵙ-ⵎⴰⵙⵙⴰ سوس-ماسة, 80502, Maroc ⵍⵎⵖⵔⵉⴱ المغرب",Marraco,Desert,map_snapshot_alon 24.png,1,,0,0,0
21,"(30.83711649098993, -9.823373734173353)",Alon,alon 25,"RP1000, Idbene Sag ⵉⴷ ⴱⴰⵏⵙⴰⴳ إد بنصاك, Imsouane ⵉⵎⵙⵡⴰⵏ إمسوان, caïdat de Tamri, cercle d'Agadir-Atlantique, Préfecture d'Agadir Ida-Outanane ⵍⵄⴰⵎⴰⵍⴰ ⵏ ⴰⴳⴰⴷⵉⵔ ⵉⴷⴰ ⵡⵜⴰⵏⴰⵏ عمالة أكادير إدا وتنان, Souss-Massa ⵙⵓⵙⵙ-ⵎⴰⵙⵙⴰ سوس-ماسة, 80043, Maroc ⵍⵎⵖⵔⵉⴱ المغرب",Marraco,Desert,map_snapshot_alon 25.png,1,"['Wave Pattern', 'Bay']",0,1,1
22,"(30.84190641979329, -9.822435817289934)",Alon,alon 26,"Imsouane ⵉⵎⵙⵡⴰⵏ إمسوان, caïdat de Tamri, cercle d'Agadir-Atlantique, Préfecture d'Agadir Ida-Outanane ⵍⵄⴰⵎⴰⵍⴰ ⵏ ⴰⴳⴰⴷⵉⵔ ⵉⴷⴰ ⵡⵜⴰⵏⴰⵏ عمالة أكادير إدا وتنان, Souss-Massa ⵙⵓⵙⵙ-ⵎⴰⵙⵙⴰ سوس-ماسة, 80043, Maroc ⵍⵎⵖⵔⵉⴱ المغرب",Marraco,Desert,map_snapshot_alon 26.png,1,,0,0,0
23,"(30.86737765614981, -9.817761951190626)",Alon,alon 27,"Chhayfa ⵜⵉⵍⵉⵍⵜ الشحيفة, Imsouane ⵉⵎⵙⵡⴰⵏ إمسوان, caïdat de Tamri, cercle d'Agadir-Atlantique, Préfecture d'Agadir Ida-Outanane ⵍⵄⴰⵎⴰⵍⴰ ⵏ ⴰⴳⴰⴷⵉⵔ ⵉⴷⴰ ⵡⵜⴰⵏⴰⵏ عمالة أكادير إدا وتنان, Souss-Massa ⵙⵓⵙⵙ-ⵎⴰⵙⵙⴰ سوس-ماسة, 80043, Maroc ⵍⵎⵖⵔⵉⴱ المغرب",Marraco,Desert,map_snapshot_alon 27.png,1,,0,0,0
24,"(28.8490497237578, -10.84547019723997)",Alon,alon 28,Maroc ⵍⵎⵖⵔⵉⴱ المغرب,Marraco,Desert,map_snapshot_alon 28.png,1,['Rivermouth'],1,0,0
25,"(30.781525776751, -9.822957164389775)",Alon,alon 29,"Imzi ⵉⵎⵣⵉ إمزي, Imsouane ⵉⵎⵙⵡⴰⵏ إمسوان, caïdat de Tamri, cercle d'Agadir-Atlantique, Préfecture d'Agadir Ida-Outanane ⵍⵄⴰⵎⴰⵍⴰ ⵏ ⴰⴳⴰⴷⵉⵔ ⵉⴷⴰ ⵡⵜⴰⵏⴰⵏ عمالة أكادير إدا وتنان, Souss-Massa ⵙⵓⵙⵙ-ⵎⴰⵙⵙⴰ سوس-ماسة, Maroc ⵍⵎⵖⵔⵉⴱ المغرب",Marraco,Desert,map_snapshot_alon 29.png,1,,0,0,0
26,"(30.54239760096264, -9.708588667389824)",Alon,alon 3,"Panorama, Corniche Taghazout, Taghazout ⵜⴰⵖⴰⵣⵓⵜ تغازوت, caïdat de Taghazout, cercle d'Agadir-Atlantique, Préfecture d'Agadir Ida-Outanane ⵍⵄⴰⵎⴰⵍⴰ ⵏ ⴰⴳⴰⴷⵉⵔ ⵉⴷⴰ ⵡⵜⴰⵏⴰⵏ عمالة أكادير إدا وتنان, Souss-Massa ⵙⵓⵙⵙ-ⵎⴰⵙⵙⴰ سوس-ماسة, 80023, Maroc ⵍⵎⵖⵔⵉⴱ المغرب",Marraco,Desert,map_snapshot_alon 3.png,1,"['Wave Pattern', 'Bay']",0,1,1
27,"(30.80108192685056, -9.813787789587753)",Alon,alon 30,"Tildi ⵜⵉⵍⴹⵉ تلضي, Imsouane ⵉⵎⵙⵡⴰⵏ إمسوان, caïdat de Tamri, cercle d'Agadir-Atlantique, Préfecture d'Agadir Ida-Outanane ⵍⵄⴰⵎⴰⵍⴰ ⵏ ⴰⴳⴰⴷⵉⵔ ⵉⴷⴰ ⵡⵜⴰⵏⴰⵏ عمالة أكادير إدا وتنان, Souss-Massa ⵙⵓⵙⵙ-ⵎⴰⵙⵙⴰ سوس-ماسة, 80043, Maroc ⵍⵎⵖⵔⵉⴱ المغرب",Marraco,Desert,map_snapshot_alon 30.png,1,,0,0,0
28,"(28.68300452318554, -11.12138935749189)",Alon,alon 31,Maroc ⵍⵎⵖⵔⵉⴱ المغرب,Marraco,Desert,map_snapshot_alon 31.png,1,['Rivermouth'],1,0,0
29,"(28.26256608610413, -11.63032420006284)",Alon,alon 32 good,"Chbika شبيكة, caïdat de Chbika, cercle de Tan-Tan, Province de Tan-Tan إقليم طانطان, Guelmim-Oued Noun ⵜⴰⵙⴳⴰ-ⵡⴰⴷ ⵏⵓⵏ كلميم وادي نون, Maroc ⵍⵎⵖⵔⵉⴱ المغرب",Marraco,Desert,map_snapshot_alon 32 good.png,1,['Rivermouth'],1,0,0
30,"(28.21103643362958, -11.78284133411514)",Alon,alon 33 good,"Parking gardé, RN1, Akhfennir أخفنير, caïdat d'Akhfennir, cercle de Tarfaya دائرة طرفاية, Province de Tarfaya إقليم طرفاية, Maroc ⵍⵎⵖⵔⵉⴱ المغرب",Marraco,Desert,map_snapshot_alon 33 good.png,1,['Rivermouth'],1,0,0
31,"(28.17781006099359, -11.87221197160456)",Alon,alon 34 good,"RN1, Akhfennir أخفنير, caïdat d'Akhfennir, cercle de Tarfaya دائرة طرفاية, Province de Tarfaya إقليم طرفاية, Maroc ⵍⵎⵖⵔⵉⴱ المغرب",Marraco,Desert,map_snapshot_alon 34 good.png,1,['Rivermouth'],1,0,0
32,"(28.05391334701718, -12.23640139702346)",Alon,alon 35,"Tah طاح, caïdat de Tah قيادة طاح, cercle de Tarfaya دائرة طرفاية, Province de Tarfaya إقليم طرفاية, Maroc ⵍⵎⵖⵔⵉⴱ المغرب",Marraco,Desert,map_snapshot_alon 35.png,1,,0,0,0
33,"(30.95441102008936, -9.822653942801667)",Alon,alon 36,"Timizguida-Ouftas تمزكدة-أوفتاس, caïdat d'Ida Ou Tghouma, cercle de Tamanar, Province d'Essaouira ⵍⵉⵇⵍⵉⵎ ⵏ ⵚⵡⵉⵔⴰ إقليم الصويرة, Marrakech-Safi ⵎⵕⵕⴰⴽⵛ-ⴰⵙⴼⵉ مراكش-أسفي, Maroc ⵍⵎⵖⵔⵉⴱ المغرب",Marraco,Desert,map_snapshot_alon 36.png,1,['Bay'],0,1,0
34,"(30.95871290879068, -9.824654015817604)",Alon,alon 37,"Timizguida-Ouftas تمزكدة-أوفتاس, caïdat d'Ida Ou Tghouma, cercle de Tamanar, Province d'Essaouira ⵍⵉⵇⵍⵉⵎ ⵏ ⵚⵡⵉⵔⴰ إقليم الصويرة, Marrakech-Safi ⵎⵕⵕⴰⴽⵛ-ⴰⵙⴼⵉ مراكش-أسفي, Maroc ⵍⵎⵖⵔⵉⴱ المغرب",Marraco,Desert,map_snapshot_alon 37.png,1,,0,0,0
35,"(30.96071668935925, -9.824705524076622)",Alon,alon 38,"Timizguida-Ouftas تمزكدة-أوفتاس, caïdat d'Ida Ou Tghouma, cercle de Tamanar, Province d'Essaouira ⵍⵉⵇⵍⵉⵎ ⵏ ⵚⵡⵉⵔⴰ إقليم الصويرة, Marrakech-Safi ⵎⵕⵕⴰⴽⵛ-ⴰⵙⴼⵉ مراكش-أسفي, Maroc ⵍⵎⵖⵔⵉⴱ المغرب",Marraco,Desert,map_snapshot_alon 38.png,1,,0,0,0
36,"(30.96395563195718, -9.826908419986427)",Alon,alon 39,"Timizguida Ouftas ⵜⵉⵎⵣⴳⵉⴷⴰ ⵓⴼⵜⴰⵙ, Timizguida-Ouftas تمزكدة-أوفتاس, caïdat d'Ida Ou Tghouma, cercle de Tamanar, Province d'Essaouira ⵍⵉⵇⵍⵉⵎ ⵏ ⵚⵡⵉⵔⴰ إقليم الصويرة, Marrakech-Safi ⵎⵕⵕⴰⴽⵛ-ⴰⵙⴼⵉ مراكش-أسفي, Maroc ⵍⵎⵖⵔⵉⴱ المغرب",Marraco,Desert,map_snapshot_alon 39.png,1,,0,0,0
37,"(13.16501023403876, -88.12712587017367)",Alon,alon 4,"SAM40E, Municipio de Jucuarán, Departamento de Usulután, El Salvador",El Salvador,Tropical,map_snapshot_alon 4.png,1,['Bay'],0,1,0
38,"(30.55822381874782, -9.743193267563942)",Alon,alon 40,"RN1, Azazoul ⴰⵣⵔⵡⴰⵍ أزروال, Taghazout ⵜⴰⵖⴰⵣⵓⵜ تغازوت, caïdat de Taghazout, cercle d'Agadir-Atlantique, Préfecture d'Agadir Ida-Outanane ⵍⵄⴰⵎⴰⵍⴰ ⵏ ⴰⴳⴰⴷⵉⵔ ⵉⴷⴰ ⵡⵜⴰⵏⴰⵏ عمالة أكادير إدا وتنان, Souss-Massa ⵙⵓⵙⵙ-ⵎⴰⵙⵙⴰ سوس-ماسة, 80022, Maroc ⵍⵎⵖⵔⵉⴱ المغرب",Marraco,Desert,map_snapshot_alon 40.png,1,['Wave Pattern'],0,0,1
39,"(29.97822635318706, -9.731908198939625)",Alon,Alon 41,"Sidi Boulfdail ⵙⵉⴷⵉ ⴱⵓⵍⴼⴹⴰⵢⵍ سيدي بولفضايل, Massa ⵎⴰⵙⵙⴰ ماسة, caïdat de Massa, cercle de Belfaa-Massa, Province de Chtouka Aït Baha ⵜⴰⵙⴳⴰ ⵏ ⵛⵜⵓⴽⴰ ⴰⵢⵜ ⴱⴰⵀⴰ إقليم شتوكة آيت باها, Souss-Massa ⵙⵓⵙⵙ-ⵎⴰⵙⵙⴰ سوس-ماسة, Maroc ⵍⵎⵖⵔⵉⴱ المغرب",Marraco,Desert,map_snapshot_Alon 41.png,1,['Bay'],0,1,0
40,"(31.69961994186059, -9.678218712056978)",Alon,alon 42,Maroc ⵍⵎⵖⵔⵉⴱ المغرب,Marraco,Desert,map_snapshot_alon 42.png,1,,0,0,0
41,"(32.03134012861447, -9.347430969304817)",Alon,alon 43,"La Cote de Souiria, Souira Qdima ⵎⵓⴳⴰⴹⵓⵕ ⵜⴰⵇⴱⵓⵕⵜ, Lamaachate ⵍⵎⵄⴰⵛⴰⵜ لمعاشات, caïdat de Souira Laqdima, cercle de Gzoula, Province de Safi إقليم أسفي, Marrakech-Safi ⵎⵕⵕⴰⴽⵛ-ⴰⵙⴼⵉ مراكش-أسفي, Maroc ⵍⵎⵖⵔⵉⴱ المغرب",Marraco,Desert,map_snapshot_alon 43.png,1,,0,0,0
42,"(13.49356942943961, -89.43917354454689)",Alon,alon 44,"Hostal Punta El Zonte, Carretera del Litoral, El Zonte, Municipio de Chiltiupán, Municipio de Tamanique, Departamento de La Libertad, 1511, El Salvador",El Salvador,Tropical,map_snapshot_alon 44.png,1,"['Wave Pattern', 'Bay']",0,1,1
43,"(13.49336071004734, -89.42202582689005)",Alon,alon 45 good,"Colonia El Palmarcito, Municipio de Tamanique, Departamento de La Libertad, 1511, El Salvador",El Salvador,Tropical,map_snapshot_alon 45 good.png,1,,0,0,0
44,"(30.1347394542807, -9.655270785376844)",Alon,alon 46,"Station de dessalement d'eau de mer de Douira, Douira ⴷⵡⵉⵔⴰ الدويرة, Inchaden ⵉⵏⵛⴰⴷⵏ إنشادن, caïdat de Belfaa, cercle de Belfaa-Massa, Province de Chtouka Aït Baha ⵜⴰⵙⴳⴰ ⵏ ⵛⵜⵓⴽⴰ ⴰⵢⵜ ⴱⴰⵀⴰ إقليم شتوكة آيت باها, Souss-Massa ⵙⵓⵙⵙ-ⵎⴰⵙⵙⴰ سوس-ماسة, Maroc ⵍⵎⵖⵔⵉⴱ المغرب",Marraco,Desert,map_snapshot_alon 46.png,1,,0,0,0
45,"(30.12845503887994, -9.655762451963668)",Alon,alon 47,"Station de dessalement d'eau de mer de Douira, Douira ⴷⵡⵉⵔⴰ الدويرة, Inchaden ⵉⵏⵛⴰⴷⵏ إنشادن, caïdat de Belfaa, cercle de Belfaa-Massa, Province de Chtouka Aït Baha ⵜⴰⵙⴳⴰ ⵏ ⵛⵜⵓⴽⴰ ⴰⵢⵜ ⴱⴰⵀⴰ إقليم شتوكة آيت باها, Souss-Massa ⵙⵓⵙⵙ-ⵎⴰⵙⵙⴰ سوس-ماسة, Maroc ⵍⵎⵖⵔⵉⴱ المغرب",Marraco,Desert,map_snapshot_alon 47.png,1,,0,0,0
46,"(32.24173403526324, -9.259933371797437)",Alon,alon 48,"RR301, Hay Kaouki حي كاوكي, Kayjoty ⴽⴰⵢⵊⵓⵟⵉ, Pachalik de Safi باشوية آسفي, Province de Safi إقليم أسفي, Marrakech-Safi ⵎⵕⵕⴰⴽⵛ-ⴰⵙⴼⵉ مراكش-أسفي, 46005, Maroc ⵍⵎⵖⵔⵉⴱ المغرب",Marraco,Desert,map_snapshot_alon 48.png,1,"['Wave Pattern', 'Bay']",0,1,1
47,"(32.54190853788084, -9.285443114504385)",Alon,alon 49 good,"RR301, El Beddouza ⴱⴷⴷⵓⵣⴰ البدوزة, El Beddouza البدوزة, caïdat de Ouled Zid, cercle de Hrara, Province de Safi إقليم أسفي, Marrakech-Safi ⵎⵕⵕⴰⴽⵛ-ⴰⵙⴼⵉ مراكش-أسفي, Maroc ⵍⵎⵖⵔⵉⴱ المغرب",Marraco,Desert,map_snapshot_alon 49 good.png,1,['Bay'],0,1,0
48,"(30.47878707006808, -9.674528167564612)",Alon,alon 5,"RN1, Anza ⴰⵏⵣⴰ أنزا, Agadir ⴰⴳⴰⴷⵉⵔ أگادير, caïdat d'Aourir, Pachalik d'Agadir ⵍⴱⴰⵛⴰⵡⵉⵢⴰ ⵏ ⴰⴳⴰⴷⵉⵔ باشوية أكادير, Préfecture d'Agadir Ida-Outanane ⵍⵄⴰⵎⴰⵍⴰ ⵏ ⴰⴳⴰⴷⵉⵔ ⵉⴷⴰ ⵡⵜⴰⵏⴰⵏ عمالة أكادير إدا وتنان, Souss-Massa ⵙⵓⵙⵙ-ⵎⴰⵙⵙⴰ سوس-ماسة, 80752, Maroc ⵍⵎⵖⵔⵉⴱ المغرب",Marraco,Desert,map_snapshot_alon 5.png,1,['Bay'],0,1,0
49,"(33.53734255580493, -7.823470521587104)",Alon,alon 50 good,"Promenade Peninsula, Dar Bouazza ⴷⴰⵕ ⴱⵓⵄⵣⵣⴰ دار بوعزة, Pachalik Dar Bouazza, Province Nouaceur إقليم النواصر, Casablanca-Settat ⵜⵉⴳⵎⵉ ⵜⵓⵎⵍⵉⵍⵜ-ⵙⵟⵟⴰⵜ الدار البيضاء-سطات, 27223, Maroc ⵍⵎⵖⵔⵉⴱ المغرب",Marraco,Desert,map_snapshot_alon 50 good.png,1,"['Wave Pattern', 'Bay']",0,1,1
50,"(13.51823607780209, -89.62013587494485)",Alon,alon 51 good,"Lotificación Sihualapa, Municipio de Teotepeque, Departamento de La Libertad, El Salvador",El Salvador,Tropical,map_snapshot_alon 51 good.png,1,,0,0,0
51,"(13.51452736591284, -89.61233170873655)",Alon,alon 52 good,"Carretera del Litoral, Municipio de Teotepeque, Departamento de La Libertad, El Salvador",El Salvador,Tropical,map_snapshot_alon 52 good.png,1,,0,0,0
52,"(33.6136012760926, -7.65158399781532)",Alon,alon 53 good,"Rue Oualidia, Casablanca ⵜⵉⴳⵎⵉ ⵜⵓⵎⵍⵉⵍⵜ الدار البيضاء, arrondissement d'Anfa مقاطعة أنفا, Pachalik de Casablanca, Préfecture de Casablanca عمالة الدار البيضاء, Casablanca-Settat ⵜⵉⴳⵎⵉ ⵜⵓⵎⵍⵉⵍⵜ-ⵙⵟⵟⴰⵜ الدار البيضاء-سطات, 20054, Maroc ⵍⵎⵖⵔⵉⴱ المغرب",Marraco,Desert,map_snapshot_alon 53 good.png,1,,0,0,0
53,"(13.49655834121037, -89.5138069900796)",Alon,alon 54 good,"Carretera del Litoral, Playa Privada, Municipio de Jicalapa, Departamento de La Libertad, El Salvador",El Salvador,Tropical,map_snapshot_alon 54 good.png,1,,0,0,0
54,"(13.49637175793416, -89.51109687632973)",Alon,alon 55 good,"Carretera del Litoral, Playa Privada, Municipio de Jicalapa, Departamento de La Libertad, El Salvador",El Salvador,Tropical,map_snapshot_alon 55 good.png,1,,0,0,0
55,"(13.5101708522213, -89.59536860529114)",Alon,alon 56,"Mizata Point Resort, Lote 15, Carretera del Litoral, Lotificación Santa María Mizata, Mizata, Cantón Santa María Mizata, Municipio de Teotepeque, Departamento de La Libertad, El Salvador",El Salvador,Tropical,map_snapshot_alon 56.png,1,,0,0,0
56,"(13.49881404171517, -89.48648245557527)",Alon,alon 57 good,"Municipio de Chiltiupán, Departamento de La Libertad, El Salvador",El Salvador,Tropical,map_snapshot_alon 57 good.png,1,,0,0,0
57,"(13.49737899403158, -89.48029399854948)",Alon,alon 58 good,"Hacienda Taquillo, Municipio de Chiltiupán, Departamento de La Libertad, El Salvador",El Salvador,Tropical,map_snapshot_alon 58 good.png,1,['Wave Pattern'],0,0,1
58,"(13.4987894459413, -89.47392641195022)",Alon,alon 59 good,"Municipio de Chiltiupán, Departamento de La Libertad, El Salvador",El Salvador,Tropical,map_snapshot_alon 59 good.png,1,,0,0,0
59,"(30.44980435593564, -9.662319413387888)",Alon,alon 6,"Anza ⴰⵏⵣⴰ أنزا, Agadir ⴰⴳⴰⴷⵉⵔ أگادير, Pachalik d'Agadir ⵍⴱⴰⵛⴰⵡⵉⵢⴰ ⵏ ⴰⴳⴰⴷⵉⵔ باشوية أكادير, Préfecture d'Agadir Ida-Outanane ⵍⵄⴰⵎⴰⵍⴰ ⵏ ⴰⴳⴰⴷⵉⵔ ⵉⴷⴰ ⵡⵜⴰⵏⴰⵏ عمالة أكادير إدا وتنان, Souss-Massa ⵙⵓⵙⵙ-ⵎⴰⵙⵙⴰ سوس-ماسة, 80752, Maroc ⵍⵎⵖⵔⵉⴱ المغرب",Marraco,Desert,map_snapshot_alon 6.png,1,['Wave Pattern'],0,0,1
60,"(13.49658782419867, -89.45147998752122)",Alon,alon 60 good,"Carretera del Litoral, El Zonte, Lotificacion Zontemar, Block A, El Zonte, Municipio de Chiltiupán, Departamento de La Libertad, 1511, El Salvador",El Salvador,Tropical,map_snapshot_alon 60 good.png,1,,0,0,0
61,"(13.50999662543853, -89.58341727156827)",Alon,alon 61,"Carretera del Litoral, Mizata, Cantón Santa María Mizata, Municipio de Teotepeque, Departamento de La Libertad, El Salvador",El Salvador,Tropical,map_snapshot_alon 61.png,1,,0,0,0
62,"(13.496046046667, -89.44625380325378)",Alon,alon 62,"Carretera del Litoral, El Zonte, Lotificacion Zontemar, Block A, El Zonte, Municipio de Chiltiupán, Departamento de La Libertad, 1511, El Salvador",El Salvador,Tropical,map_snapshot_alon 62.png,1,,0,0,0
63,"(13.49506696300404, -89.43759162633042)",Alon,alon 63,"Nan Tal, Carretera del Litoral, El Zonte, Municipio de Chiltiupán, Municipio de Tamanique, Departamento de La Libertad, 1511, El Salvador",El Salvador,Tropical,map_snapshot_alon 63.png,1,,0,0,0
64,"(13.49467903942118, -89.4174128627628)",Alon,alon 64 good,"Parque Residencial Atami, Xanadu, Municipio de Tamanique, Departamento de La Libertad, 1511, El Salvador",El Salvador,Tropical,map_snapshot_alon 64 good.png,1,,0,0,0
65,"(13.49318357222019, -89.39311843248866)",Alon,alon 65 good,"Sol y Mar, El Tunco, Municipio de Tamanique, Departamento de La Libertad, El Salvador",El Salvador,Tropical,map_snapshot_alon 65 good.png,1,['Wave Pattern'],0,0,1
66,"(13.50530538178051, -89.5653065687439)",Alon,alon 66 good,"Carretera del Litoral, El Nisperal, Metayo, Municipio de Teotepeque, Departamento de La Libertad, El Salvador",El Salvador,Tropical,map_snapshot_alon 66 good.png,1,,0,0,0
67,"(13.37433620836641, -89.07612279228195)",Alon,alon 67 good,"Municipio de San Luis Talpa, Departamento de La Paz, El Salvador",El Salvador,Tropical,map_snapshot_alon 67 good.png,1,,0,0,0
68,"(13.3549173717449, -89.03842698381474)",Alon,alon 68 good,"Departamento de La Paz, El Salvador",El Salvador,Tropical,map_snapshot_alon 68 good.png,1,['Rivermouth'],1,0,0
69,"(13.50178769156715, -89.55293591894774)",Alon,alon 69,"Carretera del Litoral, El Nisperal, Municipio de Jicalapa, Municipio de Teotepeque, Departamento de La Libertad, El Salvador",El Salvador,Tropical,map_snapshot_alon 69.png,1,,0,0,0
70,"(30.36779968681477, -9.605449046539997)",Alon,alon 7,"Chemin des Dunes, Founty ⴼⵓⵏⵜⵉ فونتي, Agadir ⴰⴳⴰⴷⵉⵔ أگادير, Pachalik d'Agadir ⵍⴱⴰⵛⴰⵡⵉⵢⴰ ⵏ ⴰⴳⴰⴷⵉⵔ باشوية أكادير, Préfecture d'Agadir Ida-Outanane ⵍⵄⴰⵎⴰⵍⴰ ⵏ ⴰⴳⴰⴷⵉⵔ ⵉⴷⴰ ⵡⵜⴰⵏⴰⵏ عمالة أكادير إدا وتنان, Souss-Massa ⵙⵓⵙⵙ-ⵎⴰⵙⵙⴰ سوس-ماسة, 80015, Maroc ⵍⵎⵖⵔⵉⴱ المغرب",Marraco,Desert,map_snapshot_alon 7.png,1,['Rivermouth'],1,0,0
71,"(13.16187216992822, -88.37127429979715)",Alon,alon 70,El Salvador,El Salvador,Tropical,map_snapshot_alon 70.png,1,,0,0,0
72,"(13.16567885331038, -88.24743864740147)",Alon,alon 71,"USU35N, El Salamar, Municipio de Jucuarán, Departamento de Usulután, El Salvador",El Salvador,Tropical,map_snapshot_alon 71.png,1,['Rivermouth'],1,0,0
73,"(13.16609930113429, -88.24993768902375)",Alon,alon 72,"USU35N, El Salamar, Municipio de Jucuarán, Departamento de Usulután, El Salvador",El Salvador,Tropical,map_snapshot_alon 72.png,1,['Rivermouth'],1,0,0
74,"(13.16024765989501, -88.2146598263289)",Alon,alon 73,"Agua Fria, Municipio de Jucuarán, Departamento de Usulután, El Salvador",El Salvador,Tropical,map_snapshot_alon 73.png,1,,0,0,0
75,"(13.16196080539673, -88.20708604893504)",Alon,alon 74,"Agua Fria, Municipio de Jucuarán, Departamento de Usulután, El Salvador",El Salvador,Tropical,map_snapshot_alon 74.png,1,,0,0,0
76,"(13.16507693722903, -88.19294224876164)",Alon,alon 75 good,"La Periquera, Municipio de Jucuarán, Departamento de Usulután, El Salvador",El Salvador,Tropical,map_snapshot_alon 75 good.png,1,,0,0,0
77,"(13.49626342839566, -89.52967285239951)",Alon,alon 76 good,"Carretera del Litoral, La Perla, Municipio de Jicalapa, Departamento de La Libertad, El Salvador",El Salvador,Tropical,map_snapshot_alon 76 good.png,1,,0,0,0
78,"(13.49532589430751, -89.51806366935384)",Alon,alon 77 good,"La Perla, Municipio de Jicalapa, Departamento de La Libertad, El Salvador",El Salvador,Tropical,map_snapshot_alon 77 good.png,1,,0,0,0
79,"(13.49279177539723, -89.38564951879054)",Alon,alon 78 good,"Roca el Tunco, Carretera del Litoral, Club Salvadoreño El Sunzal, El Tunco, Municipio de Tamanique, Departamento de La Libertad, El Salvador",El Salvador,Tropical,map_snapshot_alon 78 good.png,1,,0,0,0
80,"(13.49190565297239, -89.38159502828708)",Alon,alon 79 good,"Club Tecleño El Sunzal, El Tunco, Municipio de Tamanique, Departamento de La Libertad, El Salvador",El Salvador,Tropical,map_snapshot_alon 79 good.png,1,,0,0,0
81,"(30.19580933307916, -9.642096883695734)",Alon,alon 8,"RP1014, Tifnit ⵜⵉⴼⵏⵉⵜ تيفنيت, Sidi Bibi ⵙⵉⴷⵉ ⴱⵉⴱⵉ سيدي بيبي, caïdat de Sidi Bibi, cercle de Biougra, Province de Chtouka Aït Baha ⵜⴰⵙⴳⴰ ⵏ ⵛⵜⵓⴽⴰ ⴰⵢⵜ ⴱⴰⵀⴰ إقليم شتوكة آيت باها, Souss-Massa ⵙⵓⵙⵙ-ⵎⴰⵙⵙⴰ سوس-ماسة, Maroc ⵍⵎⵖⵔⵉⴱ المغرب",Marraco,Desert,map_snapshot_alon 8.png,1,['Wave Pattern'],0,0,1
82,"(13.4879673949691, -89.36350751837274)",Alon,alon 80 good,"Residencial San Blas, El Majahual, Municipio de Puerto de La Libertad, Departamento de La Libertad, 0000, El Salvador",El Salvador,Tropical,map_snapshot_alon 80 good.png,1,['Rivermouth'],1,0,0
83,"(13.4846400727344, -89.35148455855747)",Alon,alon 81 good,"Mandala Eco Villas, Carretera del Litoral, Residencial San Blas, El Cocal, Municipio de Puerto de La Libertad, Departamento de La Libertad, 0000, El Salvador",El Salvador,Tropical,map_snapshot_alon 81 good.png,1,,0,0,0
84,"(13.4832162770047, -89.33788728282579)",Alon,alon 82 good,"Conchalío, Municipio de Puerto de La Libertad, Departamento de La Libertad, 0000, El Salvador",El Salvador,Tropical,map_snapshot_alon 82 good.png,1,,0,0,0
85,"(13.47991569913342, -89.32875833961268)",Alon,alon 83 good,"Conchalío, Municipio de Puerto de La Libertad, Departamento de La Libertad, 0000, El Salvador",El Salvador,Tropical,map_snapshot_alon 83 good.png,1,['Rivermouth'],1,0,0
86,"(13.48540000671031, -89.323002707189)",Alon,alon 84,"Vista Al Mar, 5a Avenida Sur, Punta Roca Surf, Municipio de Puerto de La Libertad, Departamento de La Libertad, 0000, El Salvador",El Salvador,Tropical,map_snapshot_alon 84.png,1,"['Wave Pattern', 'Bay']",0,1,1
87,"(13.16773830254478, -88.12373158593577)",Alon,alon 85 good,"SAM40E, Municipio de Jucuarán, Departamento de Usulután, El Salvador",El Salvador,Tropical,map_snapshot_alon 85 good.png,1,,0,0,0
88,"(13.48569516384185, -89.30703013520295)",Alon,alon 86 good,"La Dolce Vita, Carretera del Litoral, El Jute, Municipio de Puerto de La Libertad, Departamento de La Libertad, 0000, El Salvador",El Salvador,Tropical,map_snapshot_alon 86 good.png,1,['Rivermouth'],1,0,0
89,"(13.46488550307883, -89.25241517281289)",Alon,alon 87,"Pasaje 22, Playa San Diego, San Diego, Municipio de Puerto de La Libertad, Departamento de La Libertad, 0000, El Salvador",El Salvador,Tropical,map_snapshot_alon 87.png,1,['Rivermouth'],1,0,0
90,"(13.44526358004753, -89.21272073201693)",Alon,alon 88 good,"Municipio de Puerto de La Libertad, Departamento de La Libertad, El Salvador",El Salvador,Tropical,map_snapshot_alon 88 good.png,1,['Rivermouth'],1,0,0
91,"(13.43863389167548, -89.19939143051339)",Alon,alon 89 good,"Municipio de Puerto de La Libertad, Departamento de La Libertad, El Salvador",El Salvador,Tropical,map_snapshot_alon 89 good.png,1,['Rivermouth'],1,0,0
92,"(30.07906158393622, -9.673736899477777)",Alon,alon 9,"Sidi Rabat ⵙⵉⴷⵉ ⵔⴱⴰⵜ سيدي الرباط, Sidi Ouassay ⵙⵉⴷⵉ ⵡⴰⵙⴰⵢ سيدي وساي, caïdat de Massa, cercle de Belfaa-Massa, Province de Chtouka Aït Baha ⵜⴰⵙⴳⴰ ⵏ ⵛⵜⵓⴽⴰ ⴰⵢⵜ ⴱⴰⵀⴰ إقليم شتوكة آيت باها, Souss-Massa ⵙⵓⵙⵙ-ⵎⴰⵙⵙⴰ سوس-ماسة, Maroc ⵍⵎⵖⵔⵉⴱ المغرب",Marraco,Desert,map_snapshot_alon 9.png,1,,0,0,0
93,"(13.42520902406914, -89.17072260741578)",Alon,alon 90,"Municipio de Puerto de La Libertad, Departamento de La Libertad, El Salvador",El Salvador,Tropical,map_snapshot_alon 90.png,1,['Rivermouth'],1,0,0
94,"(13.17128678942855, -88.11846871815882)",Alon,alon 91 good,"Departamento de San Miguel, El Salvador",El Salvador,Tropical,map_snapshot_alon 91 good.png,1,['Wave Pattern'],0,0,1
95,"(13.16847979953245, -88.12032608148124)",Alon,alon 92 good,"Paradise Surf Hotel, SAM40E, Municipio de Jucuarán, Departamento de San Miguel, El Salvador",El Salvador,Tropical,map_snapshot_alon 92 good.png,1,,0,0,0
96,"(13.17212467082859, -88.11564190176183)",Alon,alon 93,"Hotel Infinito, SAM40E, Municipio de Jucuarán, Departamento de San Miguel, El Salvador",El Salvador,Tropical,map_snapshot_alon 93.png,1,,0,0,0
97,"(13.17236719883848, -88.11227615552819)",Alon,alon 94 good,"Acceso a playa las flores, Departamento de San Miguel, El Salvador",El Salvador,Tropical,map_snapshot_alon 94 good.png,1,,0,0,0
98,"(13.17164791631692, -88.10059372216656)",Alon,alon 95,"SAM39E, Departamento de San Miguel, El Salvador",El Salvador,Tropical,map_snapshot_alon 95.png,1,,0,0,0
99,"(13.17089435362768, -88.09092403976987)",Alon,alon 96,"Boulevard El Cuco, Municipio de Intipucá, Departamento de La Unión, El Salvador",El Salvador,Tropical,map_snapshot_alon 96.png,1,,0,0,0
100,"(13.1688924435086, -88.06364379182422)",Alon,alon 97,"Municipio de Intipucá, Departamento de La Unión, El Salvador",El Salvador,Tropical,map_snapshot_alon 97.png,1,['Rivermouth'],1,0,0
101,"(13.15861507267405, -87.97536530813792)",Alon,alon 98,"UNI 2, COLONIA BRISAS DEL MAR, El Jaguey, El Tamarindo, Municipio de La Unión, Departamento de La Unión, El Salvador",El Salvador,Tropical,map_snapshot_alon 98.png,1,['Rivermouth'],1,0,0
102,"(13.16022509685479, -87.96107890819715)",Alon,alon 99,"UNI 2, COLONIA BRISAS DEL MAR, El Jaguey, El Tamarindo, Municipio de La Unión, Departamento de La Unión, El Salvador",El Salvador,Tropical,map_snapshot_alon 99.png,1,['Wave Pattern'],0,0,1
103,"(6.627605358585474, 81.77218446873269)",Eyal,Eyal 1,"Girikula, Ampara District, Eastern Province, ශ්‍රී ලංකාව இலங்கை",Sri Lanka,Tropical,map_snapshot_Eyal 1.png,1,['Rivermouth'],1,0,0
104,"(4.313759607067594, 73.58583930249556)",Eyal,Eyal 2,"މާލެ އަތޮޅު, ދިވެހިރާއްޖެ",Sri Lanka,Tropical,map_snapshot_Eyal 2.png,1,['Wave Pattern'],0,0,1
105,"(8.435369202406685, -83.2741847002879)",Eyal,Eyal_10,"Vía 245, Tamales, Puerto Jiménez, Cantón Puerto Jiménez, Provincia Puntarenas, 61301, Costa Rica",Costa Rica,Tropical,map_snapshot_Eyal_10.png,1,"['Wave Pattern', 'Bay']",0,1,1
106,"(10.19306930610865, -85.83124596113983)",Eyal,Eyal_11,"Calle Playa Negra, Pargos, Veintisiete de Abril, Cantón Santa Cruz, Provincia Guanacaste, 50303, Costa Rica",Costa Rica,Tropical,map_snapshot_Eyal_11.png,1,,0,0,0
107,"(10.28432045408989, -85.8525386342029)",Eyal,Eyal_12,"Hotel Barceló Occidental Tamarindo, Calle España, Langosta, Tamarindo, Cantón Santa Cruz, Provincia Guanacaste, 50309, Costa Rica",Costa Rica,Tropical,map_snapshot_Eyal_12.png,1,['Rivermouth'],1,0,0
108,"(10.30417751304393, -85.84183820802603)",Eyal,Eyal_13,"Cruz Roja, Calle Central, Tamarindo, Cantón Santa Cruz, Provincia Guanacaste, 50309, Costa Rica",Costa Rica,Tropical,map_snapshot_Eyal_13.png,1,"['Wave Pattern', 'Bay', 'Rivermouth']",1,1,1
109,"(-8.077447625701595, -79.12246006226006)",Eyal,Eyal_14,"Muelle de Huanchaco, Avenida la Rivera, Huanchaco, Trujillo, La Libertad, 13000, Perú",Perú,Unknown,map_snapshot_Eyal_14.png,1,"['Wave Pattern', 'Bay']",0,1,1
110,"(-7.709984043259717, -79.46231917496567)",Eyal,Eyal_15_Good,"Puerto Malabrigo, Rázuri, Ascope, La Libertad, Perú",Perú,Unknown,map_snapshot_Eyal_15_Good.png,1,"['Wave Pattern', 'Bay']",0,1,1
111,"(-7.704782222552418, -79.45101627883693)",Eyal,Eyal_16_Good,"Puerto Malabrigo, Rázuri, Ascope, La Libertad, Perú",Perú,Unknown,map_snapshot_Eyal_16_Good.png,1,"['Wave Pattern', 'Bay']",0,1,1
112,"(-7.701616758846839, -79.44357687847925)",Eyal,Eyal_17_Good,"Plage, Pasaje Arequipa, Puerto Malabrigo, Rázuri, Ascope, La Libertad, Perú",Perú,Unknown,map_snapshot_Eyal_17_Good.png,1,"['Wave Pattern', 'Bay']",0,1,1
113,"(-7.804961121146811, -79.38787403509468)",Eyal,Eyal_18_good,"Rázuri, Ascope, La Libertad, Perú",Perú,Unknown,map_snapshot_Eyal_18_good.png,1,"['Wave Pattern', 'Bay']",0,1,1
114,"(-7.922692121711943, -79.30969994869912)",Eyal,Eyal_19_Good,"LI-643, Magdalena de Cao, Ascope, La Libertad, Perú",Perú,Unknown,map_snapshot_Eyal_19_Good.png,1,"['Wave Pattern', 'Bay']",0,1,1
115,"(-8.674509985254751, -78.74297141834441)",Eyal,Eyal_20_Good,"Chao, Virú, La Libertad, Perú",Perú,Unknown,map_snapshot_Eyal_20_Good.png,1,"['Wave Pattern', 'Bay']",0,1,1
116,"(-8.754094220569051, -78.75968259162588)",Eyal,Eyal_21_Good,Perú,Perú,Unknown,map_snapshot_Eyal_21_Good.png,1,"['Wave Pattern', 'Bay']",0,1,1
117,"(-8.962820295515787, -78.6468449504783)",Eyal,Eyal_22_Good,"Santa Clara, Guadalupito, Virú, La Libertad, Perú",Perú,Unknown,map_snapshot_Eyal_22_Good.png,1,"['Wave Pattern', 'Bay']",0,1,1
118,"(-10.72434868764544, -77.80515298577805)",Eyal,Eyal_23_Good,Perú,Perú,Unknown,map_snapshot_Eyal_23_Good.png,1,"['Wave Pattern', 'Bay']",0,1,1
119,"(-10.95608469251558, -77.66466769054122)",Eyal,Eyal_24,"Las Albuferas de Medio Mundo, Tres Piedras, Végueta, Huaura, Lima, Perú",Perú,Unknown,map_snapshot_Eyal_24.png,1,"['Wave Pattern', 'Bay']",0,1,1
120,"(-11.01166990982195, -77.66184398046848)",Eyal,Eyal_25,"LM-555, Végueta, Huaura, Lima, Perú",Perú,Unknown,map_snapshot_Eyal_25.png,1,"['Wave Pattern', 'Bay']",0,1,1
121,"(-11.06562109905875, -77.636769728798)",Eyal,Eyal_26,"Fundo La Calera, Ruquia, Végueta, Huaura, Lima, Perú",Perú,Unknown,map_snapshot_Eyal_26.png,1,"['Wave Pattern', 'Bay']",0,1,1
122,"(-34.05975202941998, 24.92834468877022)",Eyal,Eyal_27_Good,"Island Vibe, 10, Dageraad Street, Pellsrus, Kouga Ward 2, Jeffreys Bay, Kouga Local Municipality, Sarah Baartman District Municipality, Eastern Cape, 6330, South Africa",South Africa,Unknown,map_snapshot_Eyal_27_Good.png,1,"['Wave Pattern', 'Bay']",0,1,1
123,"(-34.03221264356473, 24.93405155779539)",Eyal,Eyal_28_Best,"Flame Crescent, Kouga Ward 3, Jeffreys Bay, Kouga Local Municipality, Sarah Baartman District Municipality, Eastern Cape, South Africa",South Africa,Unknown,map_snapshot_Eyal_28_Best.png,1,"['Wave Pattern', 'Bay']",0,1,1
124,"(-34.00712635407504, 22.54950174685804)",Eyal,Eyal_29_Good,"12, Beach Road, George Ward 11, George Local Municipality, Garden Route District Municipality, Western Cape, 6560, South Africa",South Africa,Unknown,map_snapshot_Eyal_29_Good.png,1,,0,0,0
125,"(8.392670167695334, -83.14047695748397)",Eyal,Eyal_3,"Calle Bahía de Pavón, Río Claro de Pavón, Pavón, Cantón Golfito, Provincia Puntarenas, 60704, Costa Rica",Costa Rica,Tropical,map_snapshot_Eyal_3.png,1,"['Wave Pattern', 'Bay']",0,1,1
126,"(-34.33635165090563, 21.90996903480892)",Eyal,Eyal_30_Good,"Osytercatcher Trail, Kanon, Mossel Bay Ward 7, Mossel Bay Local Municipality, Garden Route District Municipality, Western Cape, South Africa",South Africa,Unknown,map_snapshot_Eyal_30_Good.png,1,"['Wave Pattern', 'Bay']",0,1,1
127,"(-34.38862187046475, 21.42894586479232)",Eyal,Eyal_31,"Stilbaai West, Hessequa Ward 3, Hessequa Local Municipality, Garden Route District Municipality, Western Cape, South Africa",South Africa,Unknown,map_snapshot_Eyal_31.png,1,"['Wave Pattern', 'Bay']",0,1,1
128,"(-34.37933279793208, -72.01427737159393)",Eyal,Eyal_32_Best,"Miramar, Pichilemu, Provincia de Cardenal Caro, Región del Libertador General Bernardo O'Higgins, 3200000, Chile",Chile,Unknown,map_snapshot_Eyal_32_Best.png,1,"['Wave Pattern', 'Bay']",0,1,1
129,"(-34.42460421932307, -72.04281669776759)",Eyal,Eyal_33_Good,"Natural Surf by Yeye Molokai, Acceso a Punta de Lobos, Punta de Lobos, Pichilemu, Provincia de Cardenal Caro, Región del Libertador General Bernardo O'Higgins, 3220000, Chile",Chile,Unknown,map_snapshot_Eyal_33_Good.png,1,"['Wave Pattern', 'Bay']",0,1,1
130,"(-38.24138075042477, -73.48734897768128)",Eyal,Eyal_34,"Camino a la Puntilla, Quidico, Tirúa, Provincia de Arauco, Región del Biobío, Chile",Chile,Unknown,map_snapshot_Eyal_34.png,1,"['Wave Pattern', 'Bay']",0,1,1
131,"(0.506717117983635, -80.02949290383658)",Eyal,Eyal_35,"Mirador Mompiche, La Fosforera, Mompiche, Muisne, Esmeraldas, 080301, Ecuador",Ecuador,Tropical,map_snapshot_Eyal_35.png,1,['Bay'],0,1,0
132,"(-28.16253414389053, 153.5500139508929)",Eyal,Eyal_36,"Gold Coast Oceanway, Kirra, Coolangatta, Gold Coast City, Queensland, 4225, Australia",Australia,Unknown,map_snapshot_Eyal_36.png,1,"['Wave Pattern', 'Bay']",0,1,1
133,"(-28.63501342196128, 153.6323789087556)",Eyal,Eyal_37,"Cape Byron State Conservation Area, Lighthouse Road, Byron Bay, Byron Shire Council, New South Wales, 2481, Australia",Australia,Unknown,map_snapshot_Eyal_37.png,1,,0,0,0
134,"(26.24373520164652, -112.4753337170384)",Eyal,Eyal_38_Good,"Scorpion Bay Cantina and Campground, San Juanico, Municipio de Comondú, Baja California Sur, México",México,Unknown,map_snapshot_Eyal_38_Good.png,1,"['Wave Pattern', 'Bay']",0,1,1
135,"(26.25046966242966, -112.4757392148587)",Eyal,Eyal_39_Good,"San Juanico, Municipio de Comondú, Baja California Sur, México",México,Unknown,map_snapshot_Eyal_39_Good.png,1,"['Wave Pattern', 'Bay']",0,1,1
136,"(8.396748661745356, -83.13687629141286)",Eyal,Eyal_4,"Plaza Deportes Río Claro de Pavón, Calle Olas Perfectas, Río Claro de Pavón, Pavón, Cantón Golfito, Provincia Puntarenas, 60704, Costa Rica",Costa Rica,Tropical,map_snapshot_Eyal_4.png,1,"['Wave Pattern', 'Bay']",0,1,1
137,"(26.98084155598012, -113.9784849152265)",Eyal,Eyal_40_Good,"Punta Prieta, Municipio de Mulegé, Baja California Sur, México",México,Unknown,map_snapshot_Eyal_40_Good.png,1,"['Wave Pattern', 'Bay']",0,1,1
138,"(31.33059098789216, -116.4526328318388)",Eyal,Eyal_41,México,México,Unknown,map_snapshot_Eyal_41.png,1,,0,0,0
139,"(8.440922897931323, -83.10210777444786)",Eyal,Eyal_5,"Pavón, Cantón Golfito, Provincia Puntarenas, 60704, Costa Rica",Costa Rica,Tropical,map_snapshot_Eyal_5.png,1,"['Wave Pattern', 'Bay']",0,1,1
140,"(8.448191402199582, -83.09551077759293)",Eyal,Eyal_6,"Calle Puerto Pilón, Puerto Pilón, Pavón, Cantón Golfito, Provincia Puntarenas, 60704, Costa Rica",Costa Rica,Tropical,map_snapshot_Eyal_6.png,1,"['Wave Pattern', 'Bay']",0,1,1
141,"(8.396125779794305, -83.2773712029649)",Eyal,Eyal_7,"Pan Dulce, Puerto Jiménez, Cantón Puerto Jiménez, Provincia Puntarenas, 61301, Costa Rica",Costa Rica,Tropical,map_snapshot_Eyal_7.png,1,['Bay'],0,1,0
142,"(8.38916031275939, -83.27755308891828)",Eyal,Eyal_8,"Encanta De Vida Lodge, Calle Pan Dulce, Pan Dulce, Golfito, Cantón Puerto Jiménez, Provincia Puntarenas, 61301, Costa Rica",Costa Rica,Tropical,map_snapshot_Eyal_8.png,1,['Bay'],0,1,0
143,"(8.379559401753488, -83.283521440206)",Eyal,Eyal_9,"Matapalo, Puerto Jiménez, Cantón Puerto Jiménez, Provincia Puntarenas, 61301, Costa Rica",Costa Rica,Tropical,map_snapshot_Eyal_9.png,1,"['Wave Pattern', 'Bay']",0,1,1
144,"(43.67571296722148, -1.441711219820465)",Gilad,G 24,"Vive le Surf, 708, Avenue du Front de Mer, Le Fond du Lac, Soorts-Hossegor, Dax, Landes, Nouvelle-Aquitaine, France métropolitaine, 40150, France",France,Unknown,map_snapshot_G 24.png,1,['Wave Pattern'],0,0,1
145,"(-33.77051164278257, 151.2956248747356)",Gilad,G100,"Griffin Road, Curl Curl, Northern Beaches, Sydney, Northern Beaches Council, New South Wales, 2096, Australia",Australia,Unknown,map_snapshot_G100.png,1,['Bay'],0,1,0
146,"(43.69085248539826, -1.44122870108265)",Gilad,G25,"Les Estagnots, Le Penon, Seignosse, Dax, Landes, Nouvelle-Aquitaine, France métropolitaine, 40510, France",France,Unknown,map_snapshot_G25.png,1,,0,0,0
147,"(-2.377680307646266, 99.85934986180561)",Gilad,G26,"HT'S surf camp katiet, Sumatera Barat, Sumatera, Indonesia",Indonesia,Tropical,map_snapshot_G26.png,1,,0,0,0
148,"(-2.387939833109247, 99.86337338551652)",Gilad,G27,"Sumatera Barat, Sumatera, Indonesia",Indonesia,Tropical,map_snapshot_G27.png,1,"['Wave Pattern', 'Bay']",0,1,1
149,"(-2.341907523248682, 99.77294935310093)",Gilad,G28,"Masokut, Kepulauan Mentawai, Sumatera Barat, Sumatera, Indonesia",Indonesia,Tropical,map_snapshot_G28.png,1,,0,0,0
150,"(-2.347347552464317, 99.74333188545324)",Gilad,G29,"Beriulou, Kepulauan Mentawai, Sumatera Barat, Sumatera, Indonesia",Indonesia,Tropical,map_snapshot_G29.png,1,,0,0,0
151,"(4.206848451754174, 73.54384412191902)",Gilad,G30,"Hulumale Beach, Burevi Gas Magu, ހުޅުމާލެ, މާލެ, 23000, ދިވެހިރާއްޖެ",Maldives,Tropical,map_snapshot_G30.png,1,,0,0,0
152,"(4.240844786274105, 73.55117554306172)",Gilad,G31,"ހުޅުމާލެ, މާލެ, ދިވެހިރާއްޖެ",Maldives,Tropical,map_snapshot_G31.png,1,,0,0,0
153,"(33.38589887196704, -117.5959922391875)",Gilad,G32,"California Coastal Trail, Marine Corps Base Camp Pendleton, San Diego County, California, 92763, United States",United States,Unknown,map_snapshot_G32.png,1,['Rivermouth'],1,0,0
154,"(21.01137348500626, -156.6422320269028)",Gilad,G33,"Slaughter House Beach car parking, Honoapiilani Highway, Maui County, Hawaii, United States",United States,Unknown,map_snapshot_G33.png,1,,0,0,0
155,"(-1.821002251165821, -80.75702861175007)",Gilad,G34,"Shankha Sushi N' Thai, Ruta del Spóndylus, Montañita, Parroquia Manglaralto, Santa Elena, 241754, Ecuador",Ecuador,Tropical,map_snapshot_G34.png,1,,0,0,0
156,"(-1.875103082257498, -80.73795123576807)",Gilad,G35,"San Antonio, Parroquia Manglaralto, Santa Elena, 240110, Ecuador",Ecuador,Tropical,map_snapshot_G35.png,1,,0,0,0
157,"(-9.771976526284602, 119.3694067330219)",Gilad,G36,"Jalan Desa, Waimangoma, Sumba Barat, Nusa Tenggara Timur, Nusa Tenggara, Indonesia",Indonesia,Tropical,map_snapshot_G36.png,1,,0,0,0
158,"(-9.760171029418641, 119.3517648019062)",Gilad,G37,"Sumba Barat, Nusa Tenggara Timur, Nusa Tenggara, Indonesia",Indonesia,Tropical,map_snapshot_G37.png,1,['Rivermouth'],1,0,0
159,"(-9.744575955593401, 119.2329236772549)",Gilad,G38,"Sumba Barat, Nusa Tenggara Timur, Nusa Tenggara, Indonesia",Indonesia,Tropical,map_snapshot_G38.png,1,,0,0,0
160,"(-9.73067589504013, 119.1464734454047)",Gilad,G39,"Sumba Barat, Nusa Tenggara Timur, Nusa Tenggara, Indonesia",Indonesia,Tropical,map_snapshot_G39.png,1,,0,0,0
161,"(-9.629828327468822, 119.0027700570913)",Gilad,G40,"Kmp. Wainyapu, Bondokodi, Sumba Barat Daya, Nusa Tenggara Timur, Nusa Tenggara, Indonesia",Indonesia,Tropical,map_snapshot_G40.png,1,"['Wave Pattern', 'Bay', 'Rivermouth']",1,1,1
162,"(-37.82103447740664, 174.8128626308947)",Gilad,G41,"Manu Bay Car Park, Manu Bay Road, Waikato District, Waikato, 3297, New Zealand / Aotearoa",Aotearoa,Unknown,map_snapshot_G41.png,1,"['Wave Pattern', 'Bay']",0,1,1
163,"(-33.96899746617368, 114.9821836913461)",Gilad,G42,"Cape to Cape Track, Yebble, Prevelly, Shire Of Augusta Margaret River, Western Australia, Australia",Australia,Unknown,map_snapshot_G42.png,1,,0,0,0
164,"(-17.86232500511072, 177.1957360393494)",Gilad,G43,"Nadroga-Navosa, Western, Viti",Viti,Unknown,map_snapshot_G43.png,1,['Wave Pattern'],0,0,1
165,"(-17.85483934904432, 177.1974691642626)",Gilad,G44,"Nadroga-Navosa, Western, Viti",Viti,Unknown,map_snapshot_G44.png,1,['Wave Pattern'],0,0,1
166,"(50.46750563077118, -5.032600478030291)",Gilad,G45,"Tredragon Road, Mawgan-in-Pydar, Trenance, Cornwall, England, TR8 4DF, United Kingdom",United Kingdom,Unknown,map_snapshot_G45.png,1,,0,0,0
167,"(50.53635664592034, -5.024896755414225)",Gilad,G46,"Trevose Close, Constantine Bay, St. Merryn, Cornwall, England, PL28 8JQ, United Kingdom",United Kingdom,Unknown,map_snapshot_G46.png,1,,0,0,0
168,"(50.52615528024447, -5.023693566715402)",Gilad,G47,"Trevose Close, Constantine Bay, St. Merryn, Cornwall, England, PL28 8JQ, United Kingdom",United Kingdom,Unknown,map_snapshot_G47.png,1,,0,0,0
169,"(50.5443747188579, -5.015645153782478)",Gilad,G48,"Trevose Close, Constantine Bay, St. Merryn, Cornwall, England, PL28 8JQ, United Kingdom",United Kingdom,Unknown,map_snapshot_G48.png,1,,0,0,0
170,"(50.54092297543948, -4.996124745252104)",Gilad,G49,"Harlyn Warren, Harlyn, St. Merryn, Cornwall, England, PL28 8SD, United Kingdom",United Kingdom,Unknown,map_snapshot_G49.png,1,,0,0,0
171,"(50.54613139189222, -4.978426220238151)",Gilad,G50,"Trevone Road, Trevone, Padstow, Cornwall, England, PL28 8QY, United Kingdom",United Kingdom,Unknown,map_snapshot_G50.png,1,,0,0,0
172,"(50.5556947985462, -4.945991920350489)",Gilad,G51,"Tregirls Lane, Padstow, Cornwall, England, PL28 8RR, United Kingdom",United Kingdom,Unknown,map_snapshot_G51.png,1,['Wave Pattern'],0,0,1
173,"(4.31596351709286, 73.59196023679469)",Gilad,G52,"Arrival / Depature Jetty, މާލެ އަތޮޅު, 08060, ދިވެހިރާއްޖެ",Maldives,Tropical,map_snapshot_G52.png,1,['Wave Pattern'],0,0,1
174,"(54.48321192894074, -8.28091459582618)",Gilad,G53,"Atlantic Way, Bundoran Urban ED, Donegal Municipal District, County Donegal, F94 Y6XV, Éire / Ireland",Ireland,Unknown,map_snapshot_G53.png,1,,0,0,0
175,"(37.19897177524699, -8.901675915682453)",Gilad,G54,"Estrada da Praia, Bordeira, Aljezur, Faro, 8670-230, Portugal",Portugal,Unknown,map_snapshot_G54.png,1,,0,0,0
176,"(37.20463177442004, -8.897366657292041)",Gilad,G55,"ER 268, Bordeira, Aljezur, Faro, 8670-230, Portugal",Portugal,Unknown,map_snapshot_G55.png,1,,0,0,0
177,"(37.21428233468066, -8.89046900209263)",Gilad,G56,"Carrapateira, Aljezur, Faro, 8670-230, Portugal",Portugal,Unknown,map_snapshot_G56.png,1,,0,0,0
178,"(37.2471472452241, -8.869144812743606)",Gilad,G57,"Estacionamento da Praia de Vale Figueira, Acesso à Praia do Canal, Aljezur, Faro, 8670-158, Portugal",Portugal,Unknown,map_snapshot_G57.png,1,,0,0,0
179,"(37.2524152348258, -8.866148181395912)",Gilad,G58,"Bordeira, Aljezur, Faro, 8670-111, Portugal",Portugal,Unknown,map_snapshot_G58.png,1,,0,0,0
180,"(38.97572224869301, -9.421644493916753)",Gilad,G59,"EN 247, Abadia, Ericeira, Mafra, Lisboa, 2655-200, Portugal",Portugal,Unknown,map_snapshot_G59.png,1,['Wave Pattern'],0,0,1
181,"(38.96705731526193, -9.419970839460868)",Gilad,G60,"Abadia, Ericeira, Mafra, Lisboa, 2655-200, Portugal",Portugal,Unknown,map_snapshot_G60.png,1,,0,0,0
182,"(38.94276522287497, -9.41574833765588)",Gilad,G61,"Foz do Lizandro, Carvoeira, Mafra, Lisboa, Portugal",Portugal,Unknown,map_snapshot_G61.png,1,,0,0,0
183,"(38.93142146528438, -9.420559340629975)",Gilad,G62,"Rua da Cólonia, Barril de Cima, Carvoeira, Mafra, Lisboa, 2655-133, Portugal",Portugal,Unknown,map_snapshot_G62.png,1,,0,0,0
184,"(30.5499342937771, -9.733723190692855)",Gilad,G63,"RN1, Taghazout ⵜⴰⵖⴰⵣⵓⵜ تغازوت, caïdat de Taghazout, cercle d'Agadir-Atlantique, Préfecture d'Agadir Ida-Outanane ⵍⵄⴰⵎⴰⵍⴰ ⵏ ⴰⴳⴰⴷⵉⵔ ⵉⴷⴰ ⵡⵜⴰⵏⴰⵏ عمالة أكادير إدا وتنان, Souss-Massa ⵙⵓⵙⵙ-ⵎⴰⵙⵙⴰ سوس-ماسة, 80022, Maroc ⵍⵎⵖⵔⵉⴱ المغرب",Marraco,Desert,map_snapshot_G63.png,1,"['Wave Pattern', 'Bay']",0,1,1
185,"(-28.64517518445007, 153.6323618052281)",Gilad,G64,"Cape Byron State Conservation Area, Brownell Drive, Byron Bay, Byron Shire Council, New South Wales, 2481, Australia",Australia,Unknown,map_snapshot_G64.png,1,,0,0,0
186,"(-28.66798229889979, 153.6212163207772)",Gilad,G65,"Arakwal National Park Trail, Byron Bay, Byron Shire Council, New South Wales, 2481, Australia",Australia,Unknown,map_snapshot_G65.png,1,['Rivermouth'],1,0,0
187,"(-28.69689500496661, 153.6135692663212)",Gilad,G66,"MacGregor Street, Suffolk Park, Byron Shire Council, New South Wales, 2481, Australia",Australia,Unknown,map_snapshot_G66.png,1,['Rivermouth'],1,0,0
188,"(-28.70565186234104, 153.6185093824365)",Gilad,G67,"Three Sisters Walking Track, Broken Head, Byron Shire Council, New South Wales, 2481, Australia",Australia,Unknown,map_snapshot_G67.png,1,,0,0,0
189,"(-28.71737611832577, 153.6162525008635)",Gilad,G68,"Broken Head Nature Reserve, Seven Mile Beach Road, Broken Head, Byron Shire Council, New South Wales, 2481, Australia",Australia,Unknown,map_snapshot_G68.png,1,,0,0,0
190,"(-28.72441127750842, 153.615867969691)",Gilad,G69,"Whites Beach Walking Track, Broken Head, Byron Shire Council, New South Wales, 2481, Australia",Australia,Unknown,map_snapshot_G69.png,1,,0,0,0
191,"(-28.73060448154352, 153.611977163947)",Gilad,G70,"Seven Mile Beach Road, Broken Head, Byron Shire Council, New South Wales, 2481, Australia",Australia,Unknown,map_snapshot_G70.png,1,,0,0,0
192,"(35.25444989245749, -75.52102326335691)",Gilad,G71,"Mountains-to-Sea Trail, Dare County, North Carolina, 27920, United States",United States,Unknown,map_snapshot_G71.png,1,,0,0,0
193,"(11.46113312506639, -86.11231771567233)",Gilad,G72,"Breaks Lodge at Finca Popoyo, Calle Guasacate, Guasacate, Tola (Municipio), Rivas, 48500, Nicaragua",Nicaragua,Tropical,map_snapshot_G72.png,1,,0,0,0
194,"(35.22692447930262, -75.52488382643867)",Ron,G72,"Ramp 44, Dare County, North Carolina, 27920, United States",United States,Unknown,map_snapshot_G72.png,1,,0,0,0
195,"(11.4725927989749, -86.13171403355645)",Gilad,G73,"Popoyo, Tola (Municipio), Rivas, 48500, Nicaragua",Nicaragua,Tropical,map_snapshot_G73.png,1,['Rivermouth'],1,0,0
196,"(11.48377429362147, -86.15995479372472)",Gilad,G74 Good,"Carretera Costanera, Tola (Municipio), Rivas, 48500, Nicaragua",Nicaragua,Tropical,map_snapshot_G74 Good.png,1,['Wave Pattern'],0,0,1
197,"(9.947877178943521, -85.67416530966513)",Gilad,G75,"Pelada Guiones trail, Sección G, Nosara, Cantón Nicoya, Provincia Guanacaste, 50206, Costa Rica",Costa Rica,Tropical,map_snapshot_G75.png,1,,0,0,0
198,"(9.941914504175152, -85.66905182880463)",Gilad,G76,"Calle Guiones, Sección I, Nosara, Cantón Nicoya, Provincia Guanacaste, 50206, Costa Rica",Costa Rica,Tropical,map_snapshot_G76.png,1,,0,0,0
199,"(9.936587135528512, -85.66648398633248)",Gilad,G77,"Calle Guiones, Sección I, Nosara, Cantón Nicoya, Provincia Guanacaste, 50206, Costa Rica",Costa Rica,Tropical,map_snapshot_G77.png,1,,0,0,0
200,"(9.92761213196259, -85.6616418910877)",Gilad,G78,"Ruta del Sol, Residencial Quintas Blue Beach, Garza, Nosara, Cantón Nicoya, Provincia Guanacaste, 50206, Costa Rica",Costa Rica,Tropical,map_snapshot_G78.png,1,['Rivermouth'],1,0,0
201,"(9.907035630695676, -85.63575480258056)",Gilad,G79,"Calle de la Pista, Garza, Nosara, Cantón Nicoya, Provincia Guanacaste, 50206, Costa Rica",Costa Rica,Tropical,map_snapshot_G79.png,1,['Rivermouth'],1,0,0
202,"(9.88268005895331, -85.57823174317565)",Gilad,G80,"Sámara, Cantón Nicoya, Provincia Guanacaste, 50205, Costa Rica",Costa Rica,Tropical,map_snapshot_G80.png,1,,0,0,0
203,"(9.805900582833619, -85.29968399423862)",Gilad,G81,"Bejuco, Cantón Nandayure, Provincia Guanacaste, 50906, Costa Rica",Costa Rica,Tropical,map_snapshot_G81.png,1,['Rivermouth'],1,0,0
204,"(9.663885233787681, -85.19036747356131)",Gilad,G82,"Hermosa, Cóbano, Cantón Puntarenas, Provincia Puntarenas, 60111, Costa Rica",Costa Rica,Tropical,map_snapshot_G82.png,1,,0,0,0
205,"(9.615165629565173, -85.07787510637625)",Gilad,G83,"Calle al Cementerio, Cabuya, Cóbano, Cantón Puntarenas, Provincia Puntarenas, 60111, Costa Rica",Costa Rica,Tropical,map_snapshot_G83.png,1,,0,0,0
206,"(-8.844516701331532, 115.1092361631962)",Gilad,G84,"Jalan Batu Nunggalan, Pecatu, Kuta Selatan, Badung, Bali, Nusa Tenggara, 80163, Indonesia",Indonesia,Tropical,map_snapshot_G84.png,1,,0,0,0
207,"(-8.811260076151884, 115.103534730103)",Gilad,G85,"Rock Bouldering and Climbing at Padang Padang, Jalan Labuan Sait- Pecatu, Pecatu, Kuta Selatan, Badung, Bali, Nusa Tenggara, 80163, Indonesia",Indonesia,Tropical,map_snapshot_G85.png,1,['Wave Pattern'],0,0,1
208,"(-8.791663014413626, 115.1237195832533)",Gilad,G86,"Balangan, Jimbaran, Kuta Selatan, Badung, Bali, Nusa Tenggara, 80163, Indonesia",Indonesia,Tropical,map_snapshot_G86.png,1,"['Wave Pattern', 'Bay']",0,1,1
209,"(-17.88645880041883, 177.1868863716062)",Gilad,G87,"Nadroga-Navosa, Western, Viti",Viti,Unknown,map_snapshot_G87.png,1,['Bay'],0,1,0
210,"(6.595946242934183, 81.76297097082534)",Gilad,G88,"Ampara District, Eastern Province, ශ්‍රී ලංකාව இலங்கை",Sri Lanka,Tropical,map_snapshot_G88.png,1,['Bay'],0,1,0
211,"(6.713671024069016, 81.80122748645668)",Gilad,G89,"Panama, Ampara District, Eastern Province, ශ්‍රී ලංකාව இலங்கை",Sri Lanka,Tropical,map_snapshot_G89.png,1,['Bay'],0,1,0
212,"(6.725043323248287, 81.80165686387923)",Gilad,G90,"Panakala, Panama, Ampara District, Eastern Province, ශ්‍රී ලංකාව இலங்கை",Sri Lanka,Tropical,map_snapshot_G90.png,1,['Bay'],0,1,0
213,"(6.757459236135988, 81.81982258446186)",Gilad,G91,"Beach Road, Panama, Ampara District, Eastern Province, ශ්‍රී ලංකාව இலங்கை",Sri Lanka,Tropical,map_snapshot_G91.png,1,,0,0,0
214,"(6.784433720697672, 81.81897977398847)",Gilad,G92,"Police Life Saving Unit Panama, Potuvil - Panama Road, Shastrawela, Ampara District, Eastern Province, 32506, ශ්‍රී ලංකාව இலங்கை",Sri Lanka,Tropical,map_snapshot_G92.png,1,['Bay'],0,1,0
215,"(6.83521920935625, 81.83936006649104)",Gilad,G93,"Ulla, Ampara District, Eastern Province, 35200, ශ්‍රී ලංකාව இலங்கை",Sri Lanka,Tropical,map_snapshot_G93.png,1,"['Wave Pattern', 'Bay']",0,1,1
216,"(6.851625407175637, 81.83242655363712)",Gilad,G94,"Arugam Bay, Ampara District, Eastern Province, 32500, ශ්‍රී ලංකාව இலங்கை",Sri Lanka,Tropical,map_snapshot_G94.png,1,['Wave Pattern'],0,0,1
217,"(6.869541955328269, 81.84420897692375)",Gilad,G95,"Pottuvil, Ampara District, Eastern Province, 32500, ශ්‍රී ලංකාව இலங்கை",Sri Lanka,Tropical,map_snapshot_G95.png,1,,0,0,0
218,"(6.871908449893837, 81.8460882305873)",Gilad,G96,"Pottuvil, Ampara District, Eastern Province, 32500, ශ්‍රී ලංකාව இலங்கை",Sri Lanka,Tropical,map_snapshot_G96.png,1,"['Wave Pattern', 'Bay']",0,1,1
219,"(6.882612891527746, 81.8451371110064)",Gilad,G97,"Kottukal Beach House, Kottukal Beach Road, Pottuvil, Ampara District, Eastern Province, 32500, ශ්‍රී ලංකාව இலங்கை",Sri Lanka,Tropical,map_snapshot_G97.png,1,['Wave Pattern'],0,0,1
220,"(-33.79824352991297, 151.2894807225847)",Gilad,G98,"Manly Beach, South Steyne, Northern Beaches, Sydney, Northern Beaches Council, New South Wales, 2095, Australia",Australia,Unknown,map_snapshot_G98.png,1,,0,0,0
221,"(-33.78886813218121, 151.2881796286308)",Gilad,G99,"Queenscliff Beach, Bridge Road, Queenscliff, Northern Beaches, Sydney, Northern Beaches Council, New South Wales, 2095, Australia",Australia,Unknown,map_snapshot_G99.png,1,,0,0,0
222,"(23.7414942517053, -106.8458172304385)",Gilad,Gilad 04,"San Ignacio, Sinaloa, México",México,Unknown,map_snapshot_Gilad 04.png,1,"['Wave Pattern', 'Bay']",0,1,1
223,"(23.79585047432617, -106.8818973810573)",Gilad,Gilad 05,"Rosendo Nieblas, Elota, Sinaloa, 82780, México",México,Unknown,map_snapshot_Gilad 05.png,1,"['Wave Pattern', 'Bay']",0,1,1
224,"(23.80163766430659, -106.8835603974505)",Gilad,Gilad 06,"Rosendo Nieblas, Elota, Sinaloa, 82780, México",México,Unknown,map_snapshot_Gilad 06.png,1,"['Wave Pattern', 'Bay']",0,1,1
225,"(23.82408523346825, -106.8853494812751)",Gilad,Gilad 07,"Bugambilias, Celestino Gazca Villaseñor, Elota, Sinaloa, 82780, México",México,Unknown,map_snapshot_Gilad 07.png,1,['Rivermouth'],1,0,0
226,"(23.82832107450236, -106.8871208216094)",Gilad,Gilad 08,"Bugambilias, Celestino Gazca Villaseñor, Elota, Sinaloa, 82780, México",México,Unknown,map_snapshot_Gilad 08.png,1,"['Wave Pattern', 'Bay', 'Rivermouth']",1,1,1
227,"(20.89898187263391, -105.417309177398)",Gilad,Gilad 09,"San Francisco (San Pancho), San Francisco, Bahía de Banderas, Nayarit, 63724, México",México,Unknown,map_snapshot_Gilad 09.png,1,,0,0,0
228,"(20.98540468496854, -105.3319035168665)",Gilad,Gilad 10,"Compostela, Nayarit, 63726, México",México,Unknown,map_snapshot_Gilad 10.png,1,,0,0,0
229,"(21.36944872032844, -105.2369631708733)",Gilad,Gilad 11,"San Blas, Nayarit, México",México,Unknown,map_snapshot_Gilad 11.png,1,,0,0,0
230,"(21.3824935751113, -105.2288253041016)",Gilad,Gilad 12,"San Blas, Nayarit, México",México,Unknown,map_snapshot_Gilad 12.png,1,,0,0,0
231,"(21.52629038758515, -105.2810416677503)",Gilad,Gilad 13,"Frente de Ramadas, San Blas, Nayarit, 63740, México",México,Unknown,map_snapshot_Gilad 13.png,1,,0,0,0
232,"(21.7065468522855, -105.4824677295715)",Gilad,Gilad 14,"Playa el Sesteo, Santiago Ixcuintla, Nayarit, 63572, México",México,Unknown,map_snapshot_Gilad 14.png,1,['Rivermouth'],1,0,0
233,"(21.75703860084154, -105.5061648608587)",Gilad,Gilad 15,"Boca de Camichín, Santiago Ixcuintla, Nayarit, 63572, México",México,Unknown,map_snapshot_Gilad 15.png,1,,0,0,0
234,"(23.61240671123867, -106.7618374250731)",Gilad,Gilad 16,"Las Labradas, Autopista Mazatlan - Culiacan, La Vinata, San Ignacio, Sinaloa, México",México,Unknown,map_snapshot_Gilad 16.png,1,,0,0,0
235,"(23.6257615440261, -106.7735215142346)",Gilad,Gilad 17,México,México,Unknown,map_snapshot_Gilad 17.png,1,,0,0,0
236,"(23.68592230547428, -106.7961027303292)",Gilad,Gilad 18,"Punta Prieta, San Ignacio, Sinaloa, México",México,Unknown,map_snapshot_Gilad 18.png,1,['Rivermouth'],1,0,0
237,"(21.44766755699462, -158.1923322441946)",Gilad,Gilad 19,"Bayview Street, Waianae, Honolulu County, Hawaii, 96792, United States",United States,Unknown,map_snapshot_Gilad 19.png,1,['Rivermouth'],1,0,0
238,"(21.41016962227575, -158.1776518348824)",Gilad,Gilad 20,"Farrington Highway, Mā‘ili, Kapolei, Honolulu County, Hawaii, 96792, United States",United States,Unknown,map_snapshot_Gilad 20.png,1,,0,0,0
239,"(21.40572881577471, -158.1782855149054)",Gilad,Gilad 21,"Farrington Highway, Mā‘ili, Kapolei, Honolulu County, Hawaii, 96792, United States",United States,Unknown,map_snapshot_Gilad 21.png,1,,0,0,0
240,"(-34.04069575768496, 24.9298102693231)",Gilad,Gilad 22,"Sable Street, Ferreira Town, Kouga Ward 8, Jeffreys Bay, Kouga Local Municipality, Sarah Baartman District Municipality, Eastern Cape, 6330, South Africa",South Africa,Unknown,map_snapshot_Gilad 22.png,1,,0,0,0
241,"(-34.08586378084393, 24.91218271187449)",Gilad,Gilad 23,"Swan Drive, Aston Bay, Kouga Ward 14, Kouga Local Municipality, Sarah Baartman District Municipality, Eastern Cape, 6330, South Africa",South Africa,Unknown,map_snapshot_Gilad 23.png,1,['Rivermouth'],1,0,0
242,"(6.810398658600479, 81.82437020442691)",Ori,ori 1,"Elephant Rock Surf Spot, Potuvil - Panama Road, Shastrawela, Ampara District, Eastern Province, 35200, ශ්‍රී ලංකාව இலங்கை",Sri Lanka,Tropical,map_snapshot_ori 1.png,1,"['Bay', 'Rivermouth']",1,1,0
243,"(39.37179565281314, -9.340020075883643)",Ori,ori 10,"Passagem para a ilha, Baleal, Ferrel, Peniche, Leiria, 2520-101, Portugal",Portugal,Unknown,map_snapshot_ori 10.png,1,,0,0,0
244,"(39.43166099588903, -9.235011602833293)",Ori,ori 11,"Pesqueiro da Aberta, Avenida da Praia, Bom Sucesso, Vau, Óbidos, Leiria, 2500-896, Portugal",Portugal,Unknown,map_snapshot_ori 11.png,1,['Rivermouth'],1,0,0
245,"(39.43765403503605, -9.226698636233445)",Ori,ori 12,"Pesqueiro da Prainha, Passadiços da Foz do Arelho, Foz do Arelho, Caldas da Rainha, Leiria, 2500-486, Portugal",Portugal,Unknown,map_snapshot_ori 12.png,1,,0,0,0
246,"(39.45402547354833, -9.212146879547243)",Ori,ori 13,"Trilhos dos Baraçais, Foz do Arelho, Caldas da Rainha, Leiria, 2500-498, Portugal",Portugal,Unknown,map_snapshot_ori 13.png,1,,0,0,0
247,"(39.48173931000419, -9.189677620282962)",Ori,ori 14,"Trilho das Marinhas, Boavista, Santo Onofre e Serra do Bouro, Caldas da Rainha, Leiria, 2500-719, Portugal",Portugal,Unknown,map_snapshot_ori 14.png,1,,0,0,0
248,"(6.373772436757243, 81.56694307421236)",Ori,ori 19,"Hambantota District, Southern Province, ශ්‍රී ලංකාව இலங்கை",Sri Lanka,Tropical,map_snapshot_ori 19.png,1,"['Wave Pattern', 'Bay', 'Rivermouth']",1,1,1
249,"(6.653007987981474, 81.7760801492727)",Ori,ori 2,"Okanda Murugan Kovil, Panama-Kumbukkana Road, Okanda, Ampara District, Eastern Province, ශ්‍රී ලංකාව இலங்கை",Sri Lanka,Tropical,map_snapshot_ori 2.png,1,['Bay'],0,1,0
250,"(5.942910966063619, 80.45494638267306)",Ori,ori 20,"Surf Spot, Beach side Road, Mirissa, Matara District, Southern Province, 81740, ශ්‍රී ලංකාව இலங்கை",Sri Lanka,Tropical,map_snapshot_ori 20.png,1,,0,0,0
251,"(5.945370996673358, 80.4468242990299)",Ori,ori 21,"Secluded Beach, Harbour Road, Mirissa, Matara District, Southern Province, 81740, ශ්‍රී ලංකාව இலங்கை",Sri Lanka,Tropical,map_snapshot_ori 21.png,1,,0,0,0
252,"(5.976492594422806, 80.34930144360825)",Ori,ori 22,"Momo's Surf Spot, Colombo -Matara Road, Kathaluwa, Galle District, Southern Province, 80650, ශ්‍රී ලංකාව இலங்கை",Sri Lanka,Tropical,map_snapshot_ori 22.png,1,,0,0,0
253,"(6.10535716619931, 80.12362234882296)",Ori,ori 23,"Colombo-Galle Road, Dodanduwa, Galle District, Southern Province, 80250, ශ්‍රී ලංකාව இலங்கை",Sri Lanka,Tropical,map_snapshot_ori 23.png,1,,0,0,0
254,"(6.107191776934883, 80.12369981185658)",Ori,ori 24,"Kumarakanda, Hikkaduwa, Galle District, Southern Province, 80250, ශ්‍රී ලංකාව இலங்கை",Sri Lanka,Tropical,map_snapshot_ori 24.png,1,,0,0,0
255,"(6.141076493855929, 80.09776145781568)",Ori,ori 25,"Colombo-Galle Road, Hikkaduwa, Galle District, Southern Province, 80240, ශ්‍රී ලංකාව இலங்கை",Sri Lanka,Tropical,map_snapshot_ori 25.png,1,,0,0,0
256,"(6.149265790222242, 80.09821773953693)",Ori,ori 26,"Colombo-Galle Road, Seenigama, Galle District, Southern Province, 80240, ශ්‍රී ලංකාව இலங்கை",Sri Lanka,Tropical,map_snapshot_ori 26.png,1,['Rivermouth'],1,0,0
257,"(6.152495564987174, 80.09538214198442)",Ori,ori 27,"Thotagamuwa Vijayaba Vidyalaya, Colombo-Galle Road, Seenigama, Galle District, Southern Province, 80240, ශ්‍රී ලංකාව இலங்கை",Sri Lanka,Tropical,map_snapshot_ori 27.png,1,,0,0,0
258,"(5.941354831715924, 80.5496368460435)",Ori,ori 28,"Parevi Duwa Shrine, Beach Road, Uyanwaththa, Weliweriya (SP), Matara, Matara District, Southern Province, 81000, ශ්‍රී ලංකාව இலங்கை",Sri Lanka,Tropical,map_snapshot_ori 28.png,1,,0,0,0
259,"(5.940314538320086, 80.56081790406067)",Ori,ori 29,"Beach Road, Uyanwaththa, Weliweriya (SP), Matara, Matara District, Southern Province, 81000, ශ්‍රී ලංකාව இலங்கை",Sri Lanka,Tropical,map_snapshot_ori 29.png,1,,0,0,0
260,"(39.37043329072949, -9.385523914109369)",Ori,ori 3,"Pesqueiro do Bebedouro, Marginal Norte, Peniche, Leiria, 2520-237, Portugal",Portugal,Unknown,map_snapshot_ori 3.png,1,,0,0,0
261,"(5.924923993647971, 80.59798289020208)",Ori,ori 30,"Kiralawella Road, Dondra, Matara District, Southern Province, 81160, ශ්‍රී ලංකාව இலங்கை",Sri Lanka,Tropical,map_snapshot_ori 30.png,1,,0,0,0
262,"(38.961274276974, -9.420570734170246)",Ori,ori 31,"Esplanada Furnas, Rua das Furnas, Ericeira, Mafra, Lisboa, 2655-295, Portugal",Portugal,Unknown,map_snapshot_ori 31.png,1,,0,0,0
263,"(38.96298322151308, -9.423268344788152)",Ori,ori 32,"Rua de Baixo, Ericeira, Mafra, Lisboa, 2655-274, Portugal",Portugal,Unknown,map_snapshot_ori 32.png,1,,0,0,0
264,"(38.95935406723543, -9.417710339374114)",Ori,ori 33,"Travessa do Porto Revez, Ericeira, Mafra, Lisboa, 2655-252, Portugal",Portugal,Unknown,map_snapshot_ori 33.png,1,,0,0,0
265,"(38.96997214520334, -9.422283523011194)",Ori,ori 34,"Abadia, Ericeira, Mafra, Lisboa, 2655-200, Portugal",Portugal,Unknown,map_snapshot_ori 34.png,1,,0,0,0
266,"(38.98739425413613, -9.42072119442489)",Ori,ori 35,"Trilhos do Mar, Santo Isidoro, Mafra, Lisboa, 2655-210, Portugal",Portugal,Unknown,map_snapshot_ori 35.png,1,"['Wave Pattern', 'Bay']",0,1,1
267,"(38.99427486125496, -9.425417582386174)",Ori,ori 36,"Trilhos do Mar, Ribamar, Santo Isidoro, Mafra, Lisboa, 2640-027, Portugal",Portugal,Unknown,map_snapshot_ori 36.png,1,['Wave Pattern'],0,0,1
268,"(38.99944537799661, -9.425430678692702)",Ori,ori 37,"Trilhos do Mar, Ribamar, Santo Isidoro, Mafra, Lisboa, 2640-027, Portugal",Portugal,Unknown,map_snapshot_ori 37.png,1,,0,0,0
269,"(39.00507843432923, -9.425612096323821)",Ori,ori 38,"Trilho dos Coxos, Ribamar, Santo Isidoro, Mafra, Lisboa, 2640-027, Portugal",Portugal,Unknown,map_snapshot_ori 38.png,1,,0,0,0
270,"(39.01072637930662, -9.42309704043376)",Ori,ori 39,"Ribamar, Santo Isidoro, Mafra, Lisboa, 2640-206, Portugal",Portugal,Unknown,map_snapshot_ori 39.png,1,,0,0,0
271,"(6.646981914120261, 81.77728008619714)",Ori,ori 4,"Okanda Murugan Kovil, Panama-Kumbukkana Road, Okanda, Ampara District, Eastern Province, ශ්‍රී ලංකාව இலங்கை",Sri Lanka,Tropical,map_snapshot_ori 4.png,1,['Bay'],0,1,0
272,"(39.01455586523172, -9.423773810317185)",Ori,ori 40,"Pesqueiro de São Lourenço, Rua das Ribas, São Lourenço, Encarnação, Mafra, Lisboa, 2640-206, Portugal",Portugal,Unknown,map_snapshot_ori 40.png,1,['Bay'],0,1,0
273,"(5.962344364296181, 80.68911009380061)",Ori,ori 41,"360 Sands, New Tangalle Road, Dikwella, Matara District, Southern Province, 81200, ශ්‍රී ලංකාව இலங்கை",Sri Lanka,Tropical,map_snapshot_ori 41.png,1,,0,0,0
274,"(5.958845931103544, 80.67927221482219)",Ori,ori 42,"Dikwella, Matara District, Southern Province, 81200, ශ්‍රී ලංකාව இலங்கை",Sri Lanka,Tropical,map_snapshot_ori 42.png,1,,0,0,0
275,"(37.29413312064523, -8.873779258556437)",Ori,ori 43,"Acesso à Praia do Canal, Aljezur, Faro, 8670-158, Portugal",Portugal,Unknown,map_snapshot_ori 43.png,1,['Wave Pattern'],0,0,1
276,"(37.28905086313837, -8.865144503849299)",Ori,ori 44,"Acesso à Praia do Canal, Aljezur, Faro, 8670-158, Portugal",Portugal,Unknown,map_snapshot_ori 44.png,1,,0,0,0
277,"(38.97908320039133, -9.4234163415599)",Ori,ori 45,"EN 247, Casal do Carido, Ericeira, Mafra, Lisboa, 2655-210, Portugal",Portugal,Unknown,map_snapshot_ori 45.png,1,['Wave Pattern'],0,0,1
278,"(38.98990376620708, -9.422849088148606)",Ori,ori 46,"Trilhos do Mar, Santo Isidoro, Mafra, Lisboa, 2640-027, Portugal",Portugal,Unknown,map_snapshot_ori 46.png,1,['Wave Pattern'],0,0,1
279,"(38.99760927311372, -9.42572496207022)",Ori,ori 47,"Trilhos do Mar, Ribamar, Santo Isidoro, Mafra, Lisboa, 2640-027, Portugal",Portugal,Unknown,map_snapshot_ori 47.png,1,['Wave Pattern'],0,0,1
280,"(-8.692020452410262, 115.430785864521)",Ori,ori 48,"Jalan Sandy Bay, Villa Mutiara, Jungutbatu, Nusa Penida Subdistrict, Klungkung, Bali, Nusa Tenggara, Indonesia",Indonesia,Tropical,map_snapshot_ori 48.png,1,,0,0,0
281,"(-28.62379289918123, 153.5908377230532)",Ori,ori 49,"Bayshore Drive, Byron Bay, Byron Shire Council, New South Wales, 2481, Australia",Australia,Unknown,map_snapshot_ori 49.png,1,['Rivermouth'],1,0,0
282,"(40.1695902926722, -8.89174054371875)",Ori,ori 5,"Avenida Dom João II, Serradinho, Buarcos e São Julião, Figueira da Foz, Coimbra, 3080-448, Portugal",Portugal,Unknown,map_snapshot_ori 5.png,1,['Wave Pattern'],0,0,1
283,"(31.77762312121435, -116.6249665849939)",Ori,ori 50,"Rodolfo Sánchez Taboada (Maneadero), Ensenada, Baja California, 22790, México",México,Unknown,map_snapshot_ori 50.png,1,['Rivermouth'],1,0,0
284,"(32.04982722544445, -116.8839541881365)",Ori,ori 51,"Baja California, 22765, México",México,Unknown,map_snapshot_ori 51.png,1,,0,0,0
285,"(32.05133559802161, -116.8831170783395)",Ori,ori 52,"Baja California, 22765, México",México,Unknown,map_snapshot_ori 52.png,1,,0,0,0
286,"(32.04255841649854, -116.8849974547668)",Ori,ori 53,"Baja California, México",México,Unknown,map_snapshot_ori 53.png,1,,0,0,0
287,"(32.04495528433301, -116.8859216712564)",Ori,ori 54,"Baja California, 22765, México",México,Unknown,map_snapshot_ori 54.png,1,,0,0,0
288,"(32.04566742209898, -116.8854302924147)",Ori,ori 55,"Baja California, 22765, México",México,Unknown,map_snapshot_ori 55.png,1,,0,0,0
289,"(32.05094683722328, -116.883107581503)",Ori,ori 56,"Baja California, 22765, México",México,Unknown,map_snapshot_ori 56.png,1,,0,0,0
290,"(32.08915183252795, -116.8842905005831)",Ori,ori 57,"Autopista Tijuana-Ensenada, Santa Anita, Baja California, 22765, México",México,Unknown,map_snapshot_ori 57.png,1,,0,0,0
291,"(6.002910425901494, 80.76714963918785)",Ori,ori 58,"Unakuruwa Surf Spot, Matara-Hambantota Road, Kotuwegoda, Sinimodara, Hambantota District, Southern Province, 82248, ශ්‍රී ලංකාව இலங்கை",Sri Lanka,Tropical,map_snapshot_ori 58.png,1,,0,0,0
292,"(6.014221539855034, 80.78682153417)",Ori,ori 59,"Matara-Hambantota Road, Tangalle, Kotuwegoda, Tangalle, Hambantota District, Southern Province, 82300, ශ්‍රී ලංකාව இலங்கை",Sri Lanka,Tropical,map_snapshot_ori 59.png,1,,0,0,0
293,"(39.37463859873321, -9.37711683646916)",Ori,ori 6,"Pesqueiro Pedra dos Corvos, Rua do Forte da Luz, Peniche, Leiria, 2520-618, Portugal",Portugal,Unknown,map_snapshot_ori 6.png,1,,0,0,0
294,"(21.52774862975385, -105.2857291400349)",Ori,ori 60,"Caballito de Mar, Frente de Ramadas, San Blas, Nayarit, 63740, México",México,Unknown,map_snapshot_ori 60.png,1,['Rivermouth'],1,0,0
295,"(37.36206401885665, -122.4048229388446)",Ori,ori 61,"Cabrillo Highway South, Half Moon Bay, San Mateo County, California, 94019, United States",United States,Unknown,map_snapshot_ori 61.png,1,,0,0,0
296,"(37.36747241142773, -122.4081021042236)",Ori,ori 62,"Cabrillo Highway South, Half Moon Bay, San Mateo County, California, 94019, United States",United States,Unknown,map_snapshot_ori 62.png,1,,0,0,0
297,"(37.36445344932415, -122.4075840712522)",Ori,ori 63,"Cabrillo Highway South, Half Moon Bay, San Mateo County, California, 94019, United States",United States,Unknown,map_snapshot_ori 63.png,1,['Wave Pattern'],0,0,1
298,"(37.37382613251378, -122.4084049989218)",Ori,ori 64,"2, Martins Beach Road, Martins Beach, San Mateo County, California, 94019, United States",United States,Unknown,map_snapshot_ori 64.png,1,,0,0,0
299,"(37.37735759859942, -122.4103096972681)",Ori,ori 65,"Martins Beach Road, Martins Beach, San Mateo County, California, United States",United States,Unknown,map_snapshot_ori 65.png,1,,0,0,0
300,"(37.38470361071831, -122.4155802682965)",Ori,ori 67,"Meyn Road, Lobitos, San Mateo County, California, United States",United States,Unknown,map_snapshot_ori 67.png,1,,0,0,0
301,"(37.39910804539055, -122.424170867281)",Ori,ori 68,"Cowell-Purisima Trail, San Mateo County, California, United States",United States,Unknown,map_snapshot_ori 68.png,1,,0,0,0
302,"(20.78279304406877, -105.5077248475946)",Ori,ori 69,"Punta Negra, Carretera Punta de Mita, Corral del Risco, Bahía de Banderas, Nayarit, México",México,Unknown,map_snapshot_ori 69.png,1,['Bay'],0,1,0
303,"(39.37273125775963, -9.375056982123906)",Ori,ori 7,"Pesqueiro Henri Mory, Rua do Forte da Luz, Peniche, Leiria, 2520-618, Portugal",Portugal,Unknown,map_snapshot_ori 7.png,1,,0,0,0
304,"(21.67290534665985, -157.9335904330902)",Ori,ori 70,"Kamehameha Highway, Honolulu County, Hawaii, 96762, United States",United States,Unknown,map_snapshot_ori 70.png,1,['Bay'],0,1,0
305,"(21.68657933877516, -157.9444512900477)",Ori,ori 71,"Kahuku, Honolulu County, Hawaii, United States",United States,Unknown,map_snapshot_ori 71.png,1,,0,0,0
306,"(21.71144275869754, -157.983231678409)",Ori,ori 72,"Private, West Kuilima Loop, Honolulu County, Hawaii, 96731, United States",United States,Unknown,map_snapshot_ori 72.png,1,,0,0,0
307,"(21.70470077891655, -157.990142656317)",Ori,ori 73,"Kulima Golf Course, West Kuilima Loop, Honolulu County, Hawaii, 96731, United States",United States,Unknown,map_snapshot_ori 73.png,1,,0,0,0
308,"(32.6862946667175, 34.92755718603003)",Ori,ori 74,"מועצה אזורית חוף הכרמל, נפת חדרה, מחוז חיפה, 3085000, ישראל",Israel,Unknown,map_snapshot_ori 74.png,1,,0,0,0
309,"(32.8362058597576, 34.98465320207934)",Ori,ori 75,"בה""ד חיל הים, רציף אהרון רוזנפלד, בת גלים, רובע מערב חיפה, חיפה, נפת חיפה, מחוז חיפה, 3501321, ישראל",Israel,Unknown,map_snapshot_ori 75.png,1,,0,0,0
310,"(-34.11656595158184, 24.87767182444044)",Ori,ori 76,"Denys Terrace, Kouga Ward 14, Kouga Local Municipality, Sarah Baartman District Municipality, Eastern Cape, 6330, South Africa",South Africa,Unknown,map_snapshot_ori 76.png,1,,0,0,0
311,"(-34.14629158815326, 24.84106787402687)",Ori,ori 77,"Shore Road, Kromriviermond, Kouga Ward 12, Kouga Local Municipality, Sarah Baartman District Municipality, Eastern Cape, 6312, South Africa",South Africa,Unknown,map_snapshot_ori 77.png,1,['Rivermouth'],1,0,0
312,"(-34.17462874414094, 24.64828646468747)",Ori,ori 78,"Brander Street, Kouga Ward 1, Oyster Bay, Kouga Local Municipality, Sarah Baartman District Municipality, Eastern Cape, South Africa",South Africa,Unknown,map_snapshot_ori 78.png,1,['Rivermouth'],1,0,0
313,"(-34.18444134730019, 24.60963074435142)",Ori,ori 79,"Eastern Cape, South Africa",South Africa,Unknown,map_snapshot_ori 79.png,1,,0,0,0
314,"(39.28465483121675, -9.337906126963)",Ori,ori 8,"Estrada do Paimogo, Lourinhã e Atalaia, Lourinhã, Lisboa, 2530-320, Portugal",Portugal,Unknown,map_snapshot_ori 8.png,1,,0,0,0
315,"(-34.13715347685109, 24.4381052916284)",Ori,ori 80,"Eastern Cape, South Africa",South Africa,Unknown,map_snapshot_ori 80.png,1,['Rivermouth'],1,0,0
316,"(-34.1219867241193, 24.41365483345056)",Ori,ori 81,"Eastern Cape, South Africa",South Africa,Unknown,map_snapshot_ori 81.png,1,,0,0,0
317,"(-34.06133735682118, 24.1937024254335)",Ori,ori 82,"Kou-Kamma Ward 5, Oubosstrand, Kou-Kamma Local Municipality, Sarah Baartman District Municipality, Eastern Cape, South Africa",South Africa,Unknown,map_snapshot_ori 82.png,1,['Rivermouth'],1,0,0
318,"(-34.04444871162772, 24.0783427936919)",Ori,ori 83,"Eastern Cape, South Africa",South Africa,Unknown,map_snapshot_ori 83.png,1,['Rivermouth'],1,0,0
319,"(-33.90060558786542, 151.2718653725578)",Ori,ori 84,"Tamarama Beach, Thompson Street, Tamarama, Eastern Suburbs, Sydney, Waverley Council, New South Wales, 2026, Australia",Australia,Unknown,map_snapshot_ori 84.png,1,,0,0,0
320,"(-33.89384371301448, 151.2828218437297)",Ori,ori 85,"Ramsgate Avenue, Ben Buckler, North Bondi, Eastern Suburbs, Sydney, Waverley Council, New South Wales, 2026, Australia",Australia,Unknown,map_snapshot_ori 85.png,1,,0,0,0
321,"(-33.78226956651505, 151.2919195037641)",Ori,ori 86,"Evans Street, Freshwater, Northern Beaches, Sydney, Northern Beaches Council, New South Wales, 2096, Australia",Australia,Unknown,map_snapshot_ori 86.png,1,,0,0,0
322,"(-33.76774921877519, 151.3000503960948)",Ori,ori 87,"Cobbers Way, North Curl Curl, Northern Beaches, Sydney, Northern Beaches Council, New South Wales, 2099, Australia",Australia,Unknown,map_snapshot_ori 87.png,1,['Rivermouth'],1,0,0
323,"(-33.74707782289637, 151.3039634863565)",Ori,ori 88,"Pittwater Road, Collaroy, Northern Beaches, Sydney, Northern Beaches Council, New South Wales, 2097, Australia",Australia,Unknown,map_snapshot_ori 88.png,1,['Rivermouth'],1,0,0
324,"(-33.70405579566951, 151.3084809735163)",Ori,ori 89,"North Narrabeen Rock Pool, Peal Place, Warriewood, Northern Beaches, Sydney, Northern Beaches Council, New South Wales, 2102, Australia",Australia,Unknown,map_snapshot_ori 89.png,1,['Rivermouth'],1,0,0
325,"(39.29318439416759, -9.342296365119307)",Ori,ori 9,"Estrada do Paimogo, Lourinhã e Atalaia, Lourinhã, Lisboa, 2530-320, Portugal",Portugal,Unknown,map_snapshot_ori 9.png,1,,0,0,0
326,"(-33.67830411494386, 151.3167552453112)",Ori,ori 90,"Mona Vale Rockpool, Surfview Road, Northern Beaches, Sydney, Northern Beaches Council, New South Wales, 2103, Australia",Australia,Unknown,map_snapshot_ori 90.png,1,,0,0,0
327,"(-32.76780875017976, 152.1290543706373)",Ori,ori 91,"Samurai Beach Camp Ground, Samurai Beach Track, Fingal Bay, Port Stephens Council, New South Wales, 2315, Australia",Australia,Unknown,map_snapshot_ori 91.png,1,['Rivermouth'],1,0,0
328,"(34.03282071757004, -118.6795124293888)",Ori,ori 91,"Adamson House and Malibu Lagoon Museum, Serra Road, Malibu Beach, Malibu, Los Angeles County, California, 90263, United States",United States,Unknown,map_snapshot_ori 91.png,1,,0,0,0
329,"(7.425270767944062, -80.18701105688179)",Ron,Ron 1,"Distrito Pedasí, Los Santos, Panamá",Panamá,Tropical,map_snapshot_Ron 1.png,1,,0,0,0
330,"(-35.76198471406714, 150.2143579593391)",Ron,Ron 10,"Wimbie Street, Eurobodalla Shire Council, New South Wales, 2536, Australia",Australia,Unknown,map_snapshot_Ron 10.png,1,['Bay'],0,1,0
331,"(44.358134, 8.5772116)",Ron,Ron 11,"Spiaggia libera attrezzata, Molo Marinai d'Italia, Varazze, Savona, Liguria, 17019, Italia",Italia,Unknown,map_snapshot_Ron 11.png,1,,0,0,0
332,"(-35.76206736022831, 150.2144406929543)",Ron,Ron 12,"Wimbie Street, Eurobodalla Shire Council, New South Wales, 2536, Australia",Australia,Unknown,map_snapshot_Ron 12.png,1,,0,0,0
333,"(9.605375183183687, -84.62445118561241)",Ron,Ron 13,"Calle Mora, Los Cholos, Jacó, Cantón Garabito, Provincia Puntarenas, 61101, Costa Rica",Costa Rica,Tropical,map_snapshot_Ron 13.png,1,,0,0,0
334,"(9.614927939936058, -84.6318684163898)",Ron,Ron 14,"Calle Lido, Jacó Sol, Jacó, Cantón Garabito, Provincia Puntarenas, 61101, Costa Rica",Costa Rica,Tropical,map_snapshot_Ron 14.png,1,,0,0,0
335,"(9.622384420277026, -84.64313678595396)",Ron,Ron 15,"Aparthotel Bancosta, Avenida Pastor Díaz, Condominio Tres Regalos, Jacó, Cantón Garabito, Provincia Puntarenas, 61101, Costa Rica",Costa Rica,Tropical,map_snapshot_Ron 15.png,1,['Rivermouth'],1,0,0
336,"(15.85982721859547, -97.06160411954959)",Ron,Ron 16,"Entrada de Playa Marinero, Brisas de Zicatela, Santa María Colotepec, Oaxaca, 71980, México",México,Unknown,map_snapshot_Ron 16.png,1,,0,0,0
337,"(15.73378260586081, -96.80353702636009)",Ron,Ron 17,"Santa María Tonameca, Oaxaca, 70944, México",México,Unknown,map_snapshot_Ron 17.png,1,['Rivermouth'],1,0,0
338,"(6.010580671368964, 80.7821197920539)",Ron,Ron 18,"Eden Reverie, Tuduwewaytta, Tangalle, Hambantota District, Southern Province, 82248, ශ්‍රී ලංකාව இலங்கை",Sri Lanka,Tropical,map_snapshot_Ron 18.png,1,,0,0,0
339,"(6.027005862344218, 80.79785596077339)",Ron,Ron 19,"Parakrama Road, Tangalle, Kotuwegoda, Tangalle, Hambantota District, Southern Province, 82300, ශ්‍රී ලංකාව இலங்கை",Sri Lanka,Tropical,map_snapshot_Ron 19.png,1,,0,0,0
340,"(-36.22711249618291, 150.1424239725884)",Ron,Ron 2,"Cemetery Road, Narooma, Eurobodalla Shire Council, New South Wales, 2546, Australia",Australia,Unknown,map_snapshot_Ron 2.png,1,['Rivermouth'],1,0,0
341,"(5.962789870613349, 80.70800462016628)",Ron,Ron 20,"Hiriketiya Surf Spot, Hiriketiya, Dikwella, Matara District, Southern Province, 81200, ශ්‍රී ලංකාව இலங்கை",Sri Lanka,Tropical,map_snapshot_Ron 20.png,1,,0,0,0
342,"(5.978710572296213, 80.72397871832688)",Ron,Ron 21,"Kudawella, Hambantota District, Southern Province, 81200, ශ්‍රී ලංකාව இலங்கை",Sri Lanka,Tropical,map_snapshot_Ron 21.png,1,,0,0,0
343,"(5.996623289509521, 80.74672368615545)",Ron,Ron 22,"Mawella, Hambantota District, Southern Province, 82248, ශ්‍රී ලංකාව இலங்கை",Sri Lanka,Tropical,map_snapshot_Ron 22.png,1,,0,0,0
344,"(-26.91994027942962, -48.64032454685299)",Ron,Ron 23,"Via Deputado Francisco Evaristo Canziani, Cabeçudas, Itajaí, Região Geográfica Imediata de Itajaí, Região Geográfica Intermediária de Blumenau, Santa Catarina, Região Sul, 88306-001, Brasil",Brasil,Unknown,map_snapshot_Ron 23.png,1,,0,0,0
345,"(-26.93986669857417, -48.62748167668493)",Ron,Ron 24,"Passarela Tarcílio Laurindo, Praia Brava, Itajaí, Região Geográfica Imediata de Itajaí, Região Geográfica Intermediária de Blumenau, Santa Catarina, Região Sul, 88306-806, Brasil",Brasil,Unknown,map_snapshot_Ron 24.png,1,,0,0,0
346,"(-27.01057864497063, -48.57845081252341)",Ron,Ron 25,"Rua Goiabeira, Balneário Camboriú, Região Geográfica Imediata de Itajaí, Região Geográfica Intermediária de Blumenau, Santa Catarina, Região Sul, 88334-020, Brasil",Brasil,Unknown,map_snapshot_Ron 25.png,1,['Bay'],0,1,0
347,"(-27.02379163543243, -48.57832505385181)",Ron,Ron 26,"Avenida Rodesindo Pavan, Comunidade Quilombola Morro do Boi, Estaleirinho, Balneário Camboriú, Região Geográfica Imediata de Itajaí, Região Geográfica Intermediária de Blumenau, Santa Catarina, Região Sul, 88334-020, Brasil",Brasil,Unknown,map_snapshot_Ron 26.png,1,,0,0,0
348,"(-0.9950921455269212, 100.3638778328873)",Ron,Ron 27,"Batu Malin Kundang, Jalan Air Manis, Padang, Sumatera Barat, Sumatera, 25217, Indonesia",Indonesia,Tropical,map_snapshot_Ron 27.png,1,,0,0,0
349,"(33.3196697644102, -8.340756780713253)",Ron,Ron 28,"Sidi Ali Ben Hamdouche ⵙⵉⴷⵉ ⵄⵍⵉ ⴱⵏ ⵃⵎⴷⵓⵛ سيدي علي بن حمدوش, caïdat de Sidi Ali Ben Hamdouche, cercle de Azemmour, Province d'El Jadida إقليم الجديدة, Casablanca-Settat ⵜⵉⴳⵎⵉ ⵜⵓⵎⵍⵉⵍⵜ-ⵙⵟⵟⴰⵜ الدار البيضاء-سطات, 24102, Maroc ⵍⵎⵖⵔⵉⴱ المغرب",Marraco,Desert,map_snapshot_Ron 28.png,1,,0,0,0
350,"(11.45767685042256, -86.10928849517244)",Ron,Ron 29,"Breaks Lodge at Finca Popoyo, Calle Guasacate, Guasacate, Tola (Municipio), Rivas, 48500, Nicaragua",Nicaragua,Tropical,map_snapshot_Ron 29.png,1,['Rivermouth'],1,0,0
351,"(-36.10202037912658, 150.137025855967)",Ron,Ron 3,"Channon Point, Jemisons Point Trail, Potato Point, Eurobodalla Shire Council, New South Wales, 2545, Australia",Australia,Unknown,map_snapshot_Ron 3.png,1,,0,0,0
352,"(11.29003798011999, -85.90798198941073)",Ron,Ron 30_Good,"Paquita, San Juan del Sur (Municipio), Rivas, 48600, Nicaragua",Nicaragua,Tropical,map_snapshot_Ron 30_Good.png,1,,0,0,0
353,"(11.29705154647027, -85.91553258893599)",Ron,Ron 31_Good,"Bar Matilda, Ca Maderas, Paquita, San Juan del Sur (Municipio), Rivas, 48600, Nicaragua",Nicaragua,Tropical,map_snapshot_Ron 31_Good.png,1,,0,0,0
354,"(11.42763714410756, -86.0765777511906)",Ron,Ron 32,"Tola (Municipio), Rivas, 48500, Nicaragua",Nicaragua,Tropical,map_snapshot_Ron 32.png,1,,0,0,0
355,"(11.25862316472983, -85.87583884671633)",Ron,Ron 33_Good,"Roca Mar, Paseo del Rey, La Talanguera, San Juan del Sur (Municipio), Rivas, 48600, Nicaragua",Nicaragua,Tropical,map_snapshot_Ron 33_Good.png,1,"['Wave Pattern', 'Bay']",0,1,1
356,"(11.27071751507795, -85.88717913323367)",Ron,Ron 34_Good,"Calle La Chocolata, Los Miradores, Las Marías, San Juan del Sur (Municipio), Rivas, 48600, Nicaragua",Nicaragua,Tropical,map_snapshot_Ron 34_Good.png,1,,0,0,0
357,"(11.4813627841945, -86.15725606277275)",Ron,Ron 35_Good,"Carretera Costanera, Tola (Municipio), Rivas, 48500, Nicaragua",Nicaragua,Tropical,map_snapshot_Ron 35_Good.png,1,,0,0,0
358,"(12.63569216220214, -87.36300686691757)",Ron,Ron 36_Good,"Aposentillo, El Viejo (Municipio), Chinandega, 26200, Nicaragua",Nicaragua,Tropical,map_snapshot_Ron 36_Good.png,1,['Bay'],0,1,0
359,"(11.49702052672319, -86.1708185141898)",Ron,Ron 37,"Carretera Costanera, Tola (Municipio), Rivas, 48500, Nicaragua",Nicaragua,Tropical,map_snapshot_Ron 37.png,1,,0,0,0
360,"(11.53497246245233, -86.18951782445015)",Ron,Ron 38_Good,"Santa Teresa (Municipio), Carazo, 46600, Nicaragua",Nicaragua,Tropical,map_snapshot_Ron 38_Good.png,1,['Rivermouth'],1,0,0
361,"(11.55560049782026, -86.21833806060397)",Ron,Ron 39,"Veracruz, Santa Teresa (Municipio), Carazo, 46600, Nicaragua",Nicaragua,Tropical,map_snapshot_Ron 39.png,1,['Rivermouth'],1,0,0
362,"(-36.06296439575848, 150.1392322805233)",Ron,Ron 4,"Tuross Boulevard, Tuross Head, Eurobodalla Shire Council, New South Wales, 2537, Australia",Australia,Unknown,map_snapshot_Ron 4.png,1,['Rivermouth'],1,0,0
363,"(11.5982431371719, -86.28850145809761)",Ron,Ron 40,"Llano San José, Jinotepe (Municipio), Carazo, 45000, Nicaragua",Nicaragua,Tropical,map_snapshot_Ron 40.png,1,['Rivermouth'],1,0,0
364,"(11.60805138168016, -86.3110472710623)",Ron,Ron 41,"Jinotepe (Municipio), Carazo, 45000, Nicaragua",Nicaragua,Tropical,map_snapshot_Ron 41.png,1,['Rivermouth'],1,0,0
365,"(11.61180878256951, -86.31745457418927)",Ron,Ron 42,"Jinotepe (Municipio), Carazo, 45000, Nicaragua",Nicaragua,Tropical,map_snapshot_Ron 42.png,1,,0,0,0
366,"(12.35856824835565, -87.02311693393256)",Ron,Ron 43_Good,"Suyapa Beach Hotel, Avenida Corleone, Las Peñitas, León (Municipio), León, 21000, Nicaragua",Nicaragua,Tropical,map_snapshot_Ron 43_Good.png,1,,0,0,0
367,"(11.61602659544217, -86.32628415963806)",Ron,Ron 43,"Huehuete, Jinotepe (Municipio), Carazo, 45000, Nicaragua",Nicaragua,Tropical,map_snapshot_Ron 43.png,1,"['Wave Pattern', 'Bay']",0,1,1
368,"(12.17011528450551, -86.76331291022969)",Ron,Ron 44,"Miramar, Nagarote (Municipio), León, 22200, Nicaragua",Nicaragua,Tropical,map_snapshot_Ron 44.png,1,,0,0,0
369,"(12.25679343919419, -86.85926932693988)",Ron,Ron 45,"Salinas Grandes, León (Municipio), León, 21000, Nicaragua",Nicaragua,Tropical,map_snapshot_Ron 45.png,1,,0,0,0
370,"(-6.235333813964549, -35.03767428394924)",Ron,Ron 46,"Tibau do Sul, Região Geográfica Imediata de Canguaretama, Região Geográfica Intermediária de Natal, Rio Grande do Norte, Região Nordeste, 59178-000, Brasil",Brasil,Unknown,map_snapshot_Ron 46.png,1,,0,0,0
371,"(-17.85769492209095, -149.2510135903448)",Ron,Ron 47_Good,"Küstenstraße, Teahupoo, Taiarapu-Ouest, Îles du Vent, Polynésie Française, France",France,Unknown,map_snapshot_Ron 47_Good.png,1,,0,0,0
372,"(-8.815032218973847, 115.0880922577785)",Ron,Ron 48_Good,"Jalan Labuan Sait- Pecatu, Pecatu, Kuta Selatan, Badung, Bali, Nusa Tenggara, Indonesia",Indonesia,Tropical,map_snapshot_Ron 48_Good.png,1,"['Wave Pattern', 'Bay']",0,1,1
373,"(-8.821424515138133, 115.0849771386539)",Ron,Ron 49,"sunset point Uluwatu, Jalan Batu Jaran, Pecatu, Kuta Selatan, Badung, Bali, Nusa Tenggara, Indonesia",Indonesia,Tropical,map_snapshot_Ron 49.png,1,,0,0,0
374,"(-36.00186345468575, 150.1584194075888)",Ron,Ron 5,"Grey Rocks, Bingie Dreaming Track, Bingie, Eurobodalla Shire Council, New South Wales, 2537, Australia",Australia,Unknown,map_snapshot_Ron 5.png,1,['Rivermouth'],1,0,0
375,"(-8.819394110694198, 115.0863121686871)",Ron,Ron 50_Good,"Uluwatu Surf Villa, Jalan Labuan Sait- Pecatu, Pecatu, Kuta Selatan, Badung, Bali, Nusa Tenggara, Indonesia",Indonesia,Tropical,map_snapshot_Ron 50_Good.png,1,,0,0,0
376,"(9.813693641918935, 126.1659741506142)",Ron,Ron 51,"Cloud 9 Boardwalk, Catangnan, Surigao del Norte, Caraga, 8419, Pilipinas",Pilipinas,Unknown,map_snapshot_Ron 51.png,1,,0,0,0
377,"(4.319634064126377, 73.58300127320123)",Ron,Ron 52,"Arrival / Depature Jetty, މާލެ އަތޮޅު, 08060, ދިވެހިރާއްޖެ",Sri Lanka,Tropical,map_snapshot_Ron 52.png,1,['Wave Pattern'],0,0,1
378,"(7.977049526282681, 98.27795630991764)",Ron,Ron 53,"Soi Haddsurin 8, หาดสุรินทร์, ตำบลเชิงทะเล, ศรีสุนทร, อำเภอถลาง, จังหวัดภูเก็ต, ประเทศไทย",ประเทศไทย,Unknown,map_snapshot_Ron 53.png,1,,0,0,0
379,"(6.840457569343132, 81.83692005995456)",Ron,Ron 54,"Baby Point Surf Spot, Sinhapura Road, Arugam Bay, Ampara District, Eastern Province, 35200, ශ්‍රී ලංකාව இலங்கை",Sri Lanka,Tropical,map_snapshot_Ron 54.png,1,"['Wave Pattern', 'Bay']",0,1,1
380,"(13.05259712793061, -59.50501049606493)",Ron,Ron 55,"Inch Marlowe, Hopewell, Chancery Lane, Christ Church, BB17121, Barbados",Barbados,Unknown,map_snapshot_Ron 55.png,1,,0,0,0
381,"(28.73869292386199, -13.95378481141189)",Ron,Ron 56,"Café Bar El Perdido, Calle Tindaya, Majanicho, La Oliva, Las Palmas, Canarias, 35650, España",España,Unknown,map_snapshot_Ron 56.png,1,,0,0,0
382,"(35.24077393803626, -75.51697076407203)",Ron,Ron 57,"Dare County, North Carolina, United States",United States,Unknown,map_snapshot_Ron 57.png,1,,0,0,0
383,"(32.42114828491592, -117.0978742412402)",Ron,Ron 58_Good,"Calle Playa, San Antonio del Mar, Delegación Plyas de Tijuana, Municipio de Tijuana, Baja California, 22565, México",México,Unknown,map_snapshot_Ron 58_Good.png,1,,0,0,0
384,"(43.49280997844328, -1.553908365861989)",Ron,Ron 59,"Esplanade Elisabeth II, Lapurdi, Aguilera, Biarritz, Bayonne, Pyrénées-Atlantiques, Nouvelle-Aquitaine, France métropolitaine, 64200, France",France,Unknown,map_snapshot_Ron 59.png,1,,0,0,0
385,"(-35.99263683760562, 150.1555702171422)",Ron,Ron 6,"Bingie Dreaming Track, Bingie, Eurobodalla Shire Council, New South Wales, 2537, Australia",Australia,Unknown,map_snapshot_Ron 6.png,1,['Bay'],0,1,0
386,"(49.10637675770386, -125.8767321241412)",Ron,Ron 60,"Sunset Point/Pettinger Point trail, Tofino, Alberni-Clayoquot Regional District, British Columbia, V0R 2Z0, Canada",Canada,Unknown,map_snapshot_Ron 60.png,1,,0,0,0
387,"(49.10891761273925, -125.8811443808606)",Ron,Ron 61,"Sunset Point/Pettinger Point trail, Tofino, Alberni-Clayoquot Regional District, British Columbia, V0R 2Z0, Canada",Canada,Unknown,map_snapshot_Ron 61.png,1,,0,0,0
388,"(-35.95255978275283, 150.1582975453066)",Ron,Ron 7,"East, Point Parade, Congo, Eurobodalla Shire Council, New South Wales, 2537, Australia",Australia,Unknown,map_snapshot_Ron 7.png,1,"['Wave Pattern', 'Bay', 'Rivermouth']",1,1,1
389,"(-35.86753610565759, 150.1635278545278)",Ron,Ron 8,"Broulee, Eurobodalla Shire Council, New South Wales, 2537, Australia",Australia,Unknown,map_snapshot_Ron 8.png,1,,0,0,0
390,"(-35.81141215306061, 150.2261763007545)",Ron,Ron 9,"Yowani Road, Eurobodalla Shire Council, New South Wales, Australia",Australia,Unknown,map_snapshot_Ron 9.png,1,,0,0,0
